doc,a_sent_id,a_speaker,a_text,a_sound_url,b_sent_id,b_speaker,b_text,b_sound_url,len,b_root_upos,b_root_form,orphan_tail,a_continues,a_is_question,b_first_token,b_starts_backchannel_like,b_has_question_mark,b_root_is_intj_part,is_coconstruction,coconstruct_deprel,governor_token_id,notes
Gos051,Gos051.s261,Af-prof-07124,"ja , govori o neki ženski , a je ta žens- , ampak kako govori o neki ženski , ne da jo zdaj , ne vem , opisuje , predstavlja , označuje , ampak kako govori o njej , da je z njo nekoč doživel neko prijetno",https://nl.ijs.si/project/gos20/Gos051/Gos051.s261.mp3,Gos051.s262,Pn-vsiucenci-10000,doživetje .,https://nl.ijs.si/project/gos20/Gos051/Gos051.s262.mp3,1,NOUN,doživetje,0,1,0,doživetje,0,0,0,,,,
Gos020,Gos020.s407,Mf-prof-01061,"se pravi , rezultat za Žide je bil , v katerem koli taborišču že so se znašli , isti",https://nl.ijs.si/project/gos20/Gos020/Gos020.s407.mp3,Gos020.s408,Jm-ucen-01064,slab .,https://nl.ijs.si/project/gos20/Gos020/Gos020.s408.mp3,1,ADJ,slab,0,1,0,slab,0,0,0,,,,
Gos021,Gos021.s149,Sf-prof-01049,"prej je bil moder , polovica je še vedno moder , ostala polovica pa je že",https://nl.ijs.si/project/gos20/Gos021/Gos021.s149.mp3,Gos021.s150,Pn-vsiucenci-10000,rdeča .,https://nl.ijs.si/project/gos20/Gos021/Gos021.s150.mp3,1,ADJ,rdeča,0,1,0,rdeča,0,0,0,,,,
Gos053,Gos053.s461,Af-prof-07037,"če atom odda elektrone , nastane",https://nl.ijs.si/project/gos20/Gos053/Gos053.s461.mp3,Gos053.s462,Dm-ucen-07041,kation .,https://nl.ijs.si/project/gos20/Gos053/Gos053.s462.mp3,1,NOUN,kation,0,1,0,kation,0,0,0,,,,
Gos159,Gos159.s627,Om-gost-06560,"pa daj , a kaj zdaj , a me boste še enkrat metali iz služ- , saj nimam službe sicer , ampak",https://nl.ijs.si/project/gos20/Gos159/Gos159.s627.mp3,Gos159.s628,Sm-novi-02049,ne .,https://nl.ijs.si/project/gos20/Gos159/Gos159.s628.mp3,1,PART,ne,0,0,0,ne,0,0,1,,,,
Gos183,Gos183.s456,Sm-prod-00803,"eee , če so pa patch varianta , ne , so pa",https://nl.ijs.si/project/gos20/Gos183/Gos183.s456.mp3,Gos183.s457,Gm-prod-00805,pogovor .,https://nl.ijs.si/project/gos20/Gos183/Gos183.s457.mp3,1,NOUN,pogovor,0,0,0,pogovor,0,0,0,,,,
Gos233,Gos233.s415,Tm-otro-03016,"saj veš , da , da , da , kdor ti bo reklamo poslal",https://nl.ijs.si/project/gos20/Gos233/Gos233.s415.mp3,Gos233.s417,Bm-star-03014,zaračuna .,https://nl.ijs.si/project/gos20/Gos233/Gos233.s417.mp3,1,VERB,zaračuna,0,1,0,zaračuna,0,0,0,,,,
Gos240,Gos240.s104,Pm-prij-09502,"pazim zdaj s- , zdaj pa spomladi pa sem rekel",https://nl.ijs.si/project/gos20/Gos240/Gos240.s104.mp3,Gos240.s105,Mm-prij-09501,zdajle .,https://nl.ijs.si/project/gos20/Gos240/Gos240.s105.mp3,1,ADV,zdajle,0,0,0,zdajle,0,0,0,,,,
Gos254,Gos254.s637,If-prij-06008,je,https://nl.ijs.si/project/gos20/Gos254/Gos254.s637.mp3,Gos254.s638,Dm-prij-06009,Tajvan .,https://nl.ijs.si/project/gos20/Gos254/Gos254.s638.mp3,1,PROPN,Tajvan,0,0,0,tajvan,0,0,0,,,,
Gos254,Gos254.s662,If-prij-06008,"aj , kaj so našli ovega , ka s- , eee , neke",https://nl.ijs.si/project/gos20/Gos254/Gos254.s662.mp3,Gos254.s663,Mm-prij-06007,celo ?,https://nl.ijs.si/project/gos20/Gos254/Gos254.s663.mp3,1,PART,celo,0,1,0,celo,0,1,1,,,,
Gos264,Gos264.s92,Tm-prij-01081,"[name:personal] pa [name:personal] sta šla stran , ko nista m-",https://nl.ijs.si/project/gos20/Gos264/Gos264.s92.mp3,Gos264.s93,Bf-prij-01082,zakaj ?,https://nl.ijs.si/project/gos20/Gos264/Gos264.s93.mp3,1,ADV,zakaj,1,1,0,zakaj,0,1,0,,,,
Gos020,Gos020.s396,Jm-ucen-01064,"ja , pač , tam v delovnih so mogli delati na primer za",https://nl.ijs.si/project/gos20/Gos020/Gos020.s396.mp3,Gos020.s398,Mf-prof-01061,"zakaj , ja ?",https://nl.ijs.si/project/gos20/Gos020/Gos020.s398.mp3,2,ADV,zakaj,1,1,0,zakaj,0,1,0,,,,
Gos058,Gos058.s319,Am-prof-02300,če pa številke odšteješ,https://nl.ijs.si/project/gos20/Gos058/Gos058.s319.mp3,Gos058.s321,Lm-ucen-02311,minus ena .,https://nl.ijs.si/project/gos20/Gos058/Gos058.s321.mp3,2,NOUN,minus,0,1,0,minus,0,0,0,,,,
Gos074,Gos074.s292,Pm-gost-02549,"nekako od naše vlade pričakovali , da",https://nl.ijs.si/project/gos20/Gos074/Gos074.s292.mp3,Gos074.s293,Am-novi-02535,"dobro , ampak",https://nl.ijs.si/project/gos20/Gos074/Gos074.s293.mp3,2,ADV,dobro,0,1,0,dobro,1,0,0,,,,
Gos159,Gos159.s578,Sm-novi-02049,"aha , kako pa",https://nl.ijs.si/project/gos20/Gos159/Gos159.s578.mp3,Gos159.s579,Om-gost-06560,a štekamo ?,https://nl.ijs.si/project/gos20/Gos159/Gos159.s579.mp3,2,VERB,štekamo,1,1,0,a,1,1,0,,,,
Gos159,Gos159.s624,Sm-novi-02049,a veš,https://nl.ijs.si/project/gos20/Gos159/Gos159.s624.mp3,Gos159.s625,Gm-novi-02048,samo to .,https://nl.ijs.si/project/gos20/Gos159/Gos159.s625.mp3,2,DET,to,0,1,0,samo,0,0,0,,,,
Gos181,Gos181.s414,Af-udel-02552,izgleda pač,https://nl.ijs.si/project/gos20/Gos181/Gos181.s414.mp3,Gos181.s415,Cf-udel-02554,strokovni aktiv .,https://nl.ijs.si/project/gos20/Gos181/Gos181.s415.mp3,2,NOUN,aktiv,0,1,0,strokovni,0,0,0,,,,
Gos182,Gos182.s187,Af-stra-02238,"jo , pa , ej , sploh ne vem , a so se pogledal oni , mislim , na teh slikah , ker",https://nl.ijs.si/project/gos20/Gos182/Gos182.s187.mp3,Gos182.s188,Bf-prod-02264,najbrž ne .,https://nl.ijs.si/project/gos20/Gos182/Gos182.s188.mp3,2,PART,ne,0,1,0,najbrž,0,0,1,,,,
Gos182,Gos182.s213,Bf-prod-02264,"je rekla , ja , prosim , meni je bilo tako všeč , meni je bilo tako",https://nl.ijs.si/project/gos20/Gos182/Gos182.s213.mp3,Gos182.s214,Af-stra-02238,"o , super .",https://nl.ijs.si/project/gos20/Gos182/Gos182.s214.mp3,2,ADJ,super,0,1,0,o,0,0,0,,,,
Gos190,Gos190.s165,Cf-stra-02265,"ker jaz sem , ej , zdaj pa še mi samo povej , jaz imam družinsko srečo , saj veš , že",https://nl.ijs.si/project/gos20/Gos190/Gos190.s165.mp3,Gos190.s167,Af-stra-02276,par let .,https://nl.ijs.si/project/gos20/Gos190/Gos190.s167.mp3,2,NOUN,let,0,1,0,par,0,0,0,,,,
Gos200,Gos200.s82,Bm-klic-02237,to se pravi tudi,https://nl.ijs.si/project/gos20/Gos200/Gos200.s82.mp3,Gos200.s83,Af-info-05596,dejansko zato,https://nl.ijs.si/project/gos20/Gos200/Gos200.s83.mp3,2,ADV,zato,0,1,0,dejansko,0,0,0,,,,
Gos200,Gos200.s83,Af-info-05596,dejansko zato,https://nl.ijs.si/project/gos20/Gos200/Gos200.s83.mp3,Gos200.s84,Bm-klic-02237,"aha , tudi .",https://nl.ijs.si/project/gos20/Gos200/Gos200.s84.mp3,2,PART,tudi,0,1,0,aha,1,0,1,,,,
Gos229,Gos229.s359,Ef-ssta-06566,a to,https://nl.ijs.si/project/gos20/Gos229/Gos229.s359.mp3,Gos229.s360,Lf-otro-06567,a veš .,https://nl.ijs.si/project/gos20/Gos229/Gos229.s360.mp3,2,VERB,veš,1,0,0,a,1,0,0,,,,
Gos233,Gos233.s384,Tm-otro-03016,"ker imaš dosti , dosti boljše , ker",https://nl.ijs.si/project/gos20/Gos233/Gos233.s384.mp3,Gos233.s385,Bm-star-03014,more biti,https://nl.ijs.si/project/gos20/Gos233/Gos233.s385.mp3,2,VERB,more,0,1,0,more,0,0,0,,,,
Gos233,Gos233.s388,Tm-otro-03016,"ja , pa",https://nl.ijs.si/project/gos20/Gos233/Gos233.s388.mp3,Gos233.s389,Bm-star-03014,more pobirati .,https://nl.ijs.si/project/gos20/Gos233/Gos233.s389.mp3,2,VERB,more,0,0,0,more,0,0,0,,,,
Gos233,Gos233.s441,Bm-star-03014,in taisti stane v trgovini,https://nl.ijs.si/project/gos20/Gos233/Gos233.s441.mp3,Gos233.s442,Tm-otro-03016,devetsto evrov .,https://nl.ijs.si/project/gos20/Gos233/Gos233.s442.mp3,2,NOUN,evrov,0,1,0,devetsto,0,0,0,,,,
Gos254,Gos254.s600,If-prij-06008,"ja , to že pomeni",https://nl.ijs.si/project/gos20/Gos254/Gos254.s600.mp3,Gos254.s601,Mm-prij-06007,kar nekaj .,https://nl.ijs.si/project/gos20/Gos254/Gos254.s601.mp3,2,DET,nekaj,0,1,0,kar,0,0,0,,,,
Gos254,Gos254.s691,Dm-prij-06009,"ustaške skupine , nekaj so hoteli z",https://nl.ijs.si/project/gos20/Gos254/Gos254.s691.mp3,Gos254.s692,If-prij-06008,je preživela .,https://nl.ijs.si/project/gos20/Gos254/Gos254.s692.mp3,2,VERB,preživela,1,1,0,je,0,0,0,,,,
Gos256,Gos256.s82,Af-sode-07098,"a pol jih kar bilo , pol se to kar",https://nl.ijs.si/project/gos20/Gos256/Gos256.s82.mp3,Gos256.s83,Bf-sode-07099,"da , da .",https://nl.ijs.si/project/gos20/Gos256/Gos256.s83.mp3,2,PART,da,1,0,0,da,0,0,1,,,,
Gos278,Gos278.s280,Bf-prij-09525,tako da,https://nl.ijs.si/project/gos20/Gos278/Gos278.s280.mp3,Gos278.s281,Df-prij-09526,a res ?,https://nl.ijs.si/project/gos20/Gos278/Gos278.s281.mp3,2,ADV,res,0,0,0,a,1,1,0,,,,
Gos280,Gos280.s45,Af-soro-09512,veš,https://nl.ijs.si/project/gos20/Gos280/Gos280.s45.mp3,Gos280.s46,Mf-soro-09513,"res , krasen .",https://nl.ijs.si/project/gos20/Gos280/Gos280.s46.mp3,2,ADV,res,0,1,0,res,1,0,0,,,,
Artur-J-Gvecg-P580002,Artur-J-Gvecg-P580002.s45_reseg.536,Artur-J-G4529,na takšen način ste verjetno že prej delovali oziroma greste v tej smeri,https://nl.ijs.si/project/iriss/Artur-J-Gvecg-P580002.s45.mp3,Artur-J-Gvecg-P580002.s46_reseg.537,Artur-J-G4528,tako je .,https://nl.ijs.si/project/iriss/Artur-J-Gvecg-P580002.s46.mp3,2,VERB,je,0,0,0,tako,1,0,0,,,,
Gos176,Gos176.s792,Am-udel-02284,"čakaj , ampak to junijsko je nekako",https://nl.ijs.si/project/gos20/Gos176/Gos176.s792.mp3,Gos176.s793,Hm-udel-02291,to je skupno .,https://nl.ijs.si/project/gos20/Gos176/Gos176.s793.mp3,3,ADJ,skupno,0,1,0,to,0,0,0,,,,
Gos017,Gos017.s284,Rm-ucen-07121,"eee , štiri sem imel še vedno , samo pol je bilo pač",https://nl.ijs.si/project/gos20/Gos017/Gos017.s284.mp3,Gos017.s285,Af-prof-07104,bolj trdno štiri .,https://nl.ijs.si/project/gos20/Gos017/Gos017.s285.mp3,3,NUM,štiri,0,0,0,bolj,0,0,0,,,,
Gos074,Gos074.s284,Qm-gost-02550,"no , o tem smo imeli dve oddaji , pa se ne",https://nl.ijs.si/project/gos20/Gos074/Gos074.s284.mp3,Gos074.s285,Pm-gost-02549,"tako , kot so",https://nl.ijs.si/project/gos20/Gos074/Gos074.s285.mp3,3,ADV,tako,1,1,0,tako,1,0,0,,,,
Gos159,Gos159.s600,Gm-novi-02048,"eee , v bistvu",https://nl.ijs.si/project/gos20/Gos159/Gos159.s600.mp3,Gos159.s601,Sm-novi-02049,zlorabil si čko .,https://nl.ijs.si/project/gos20/Gos159/Gos159.s601.mp3,3,VERB,zlorabil,0,1,0,zlorabil,0,0,0,,,,
Gos200,Gos200.s115,Af-info-05596,"eee , ja , eee , veste kaj , pa tudi najbrž ste gor prebrali , da , eem , je določen rok , mislim , da štirinajst dni",https://nl.ijs.si/project/gos20/Gos200/Gos200.s115.mp3,Gos200.s116,Bm-klic-02237,"aha , v katerem",https://nl.ijs.si/project/gos20/Gos200/Gos200.s116.mp3,3,DET,katerem,0,1,0,aha,1,0,0,,,,
Gos225,Gos225.s354,Cm-prij-02347,"ne , ne , samo tako je bilo hecno , ko",https://nl.ijs.si/project/gos20/Gos225/Gos225.s354.mp3,Gos225.s355,Hf-prij-02352,pa če imam .,https://nl.ijs.si/project/gos20/Gos225/Gos225.s355.mp3,3,VERB,imam,0,0,0,pa,0,0,0,,,,
Gos233,Gos233.s357,Tm-otro-03016,"kosilnico , zdaj , ali bomo imeli to od [name:personal] ali",https://nl.ijs.si/project/gos20/Gos233/Gos233.s357.mp3,Gos233.s358,Bm-star-03014,"ja , ta [name:personal] .",https://nl.ijs.si/project/gos20/Gos233/Gos233.s358.mp3,3,PROPN,[name:personal],0,1,0,ja,1,0,0,,,,
Gos233,Gos233.s400,Tm-otro-03016,"ja , čakaj malo , glejta , a veš , koliko ti v",https://nl.ijs.si/project/gos20/Gos233/Gos233.s400.mp3,Gos233.s401,Bm-star-03014,"ne , ne [name:organisation] .",https://nl.ijs.si/project/gos20/Gos233/Gos233.s401.mp3,3,PROPN,[name:organisation],1,1,0,ne,0,0,0,,,,
Gos244,Gos244.s406,Sm-prij-09517,čez,https://nl.ijs.si/project/gos20/Gos244/Gos244.s406.mp3,Gos244.s407,Mm-prij-09518,iz česa pa ?,https://nl.ijs.si/project/gos20/Gos244/Gos244.s407.mp3,3,PRON,česa,0,1,0,iz,0,1,0,,,,
Gos254,Gos254.s647,Dm-prij-06009,"pa lase si tako z blatom skupaj z- , z- , z- , kaj imajo to , kodre ali",https://nl.ijs.si/project/gos20/Gos254/Gos254.s647.mp3,Gos254.s648,If-prij-06008,"aja , one drede .",https://nl.ijs.si/project/gos20/Gos254/Gos254.s648.mp3,3,NOUN,drede,0,0,0,aja,1,0,0,,,,
Gos283,Gos283.s254,Mm-prij-06005,"ja , seveda , ne , včasih pa sem len , ka sem tako len , ka se mi nič ne da , ka res sem",https://nl.ijs.si/project/gos20/Gos283/Gos283.s254.mp3,Gos283.s255,Nm-prij-06006,"to , to je .",https://nl.ijs.si/project/gos20/Gos283/Gos283.s255.mp3,3,VERB,je,0,1,0,to,0,0,0,,,,
Gos179,Gos179.s161,Bm-sode-05588,pa,https://nl.ijs.si/project/gos20/Gos179/Gos179.s161.mp3,Gos179.s162,Af-sode-05584,to so lastniki Dnevnik .,https://nl.ijs.si/project/gos20/Gos179/Gos179.s162.mp3,4,NOUN,lastniki,0,1,0,to,0,0,0,,,,
Gos009,Gos009.s225,Tf-stud-06580,"nisem ga iskala , ampak sem srečala v tečaj slovenščine na začetku , eem , sem srečala moj z- zdaj- , eee , moj",https://nl.ijs.si/project/gos20/Gos009/Gos009.s225.mp3,Gos009.s227,Af-prof-06578,"mojo cimro , mojega cimra .",https://nl.ijs.si/project/gos20/Gos009/Gos009.s227.mp3,4,NOUN,cimra,0,1,0,mojo,0,0,0,,,,
Gos011,Gos011.s229,Mf-prof-09033,"ne , ker on tukaj ni uporabljal gradbeni material , on si tega ni",https://nl.ijs.si/project/gos20/Gos011/Gos011.s229.mp3,Gos011.s230,Am-ucen-09034,on je samo iskal .,https://nl.ijs.si/project/gos20/Gos011/Gos011.s230.mp3,4,VERB,iskal,0,1,0,on,0,0,0,,,,
Gos060,Gos060.s621,Bf-ucen-02205,"da je to , mislim , a",https://nl.ijs.si/project/gos20/Gos060/Gos060.s621.mp3,Gos060.s622,Cf-ucen-02206,r je a krat,https://nl.ijs.si/project/gos20/Gos060/Gos060.s622.mp3,4,NOUN,a,0,0,0,r,0,0,0,,,,
Gos159,Gos159.s592,Sm-novi-02049,"ja , nočemo vedeti , čka od človeka je tudi",https://nl.ijs.si/project/gos20/Gos159/Gos159.s592.mp3,Gos159.s593,Om-gost-06560,"ja , ja , ja , saj .",https://nl.ijs.si/project/gos20/Gos159/Gos159.s593.mp3,4,CCONJ,saj,0,0,0,ja,1,0,0,,,,
Gos190,Gos190.s97,Bf-prod-02277,"te pa mi , to je",https://nl.ijs.si/project/gos20/Gos190/Gos190.s97.mp3,Gos190.s98,Af-stra-02276,za zunaj lahko date .,https://nl.ijs.si/project/gos20/Gos190/Gos190.s98.mp3,4,VERB,date,0,0,0,za,0,0,0,,,,
Gos224,Gos224.s88,Af-prij-07190,"ja , no , saj tisti",https://nl.ijs.si/project/gos20/Gos224/Gos224.s88.mp3,Gos224.s89,Bf-prij-07191,[name:personal] [name:surname] je bila .,https://nl.ijs.si/project/gos20/Gos224/Gos224.s89.mp3,4,VERB,bila,0,1,0,name:personal,0,0,0,,,,
Gos225,Gos225.s357,Cm-prij-02347,če si ti v kozarec,https://nl.ijs.si/project/gos20/Gos225/Gos225.s357.mp3,Gos225.s358,Am-prij-02345,"ja , stari , na tabletah .",https://nl.ijs.si/project/gos20/Gos225/Gos225.s358.mp3,4,NOUN,tabletah,0,0,0,ja,1,0,0,,,,
Gos254,Gos254.s591,If-prij-06008,to je,https://nl.ijs.si/project/gos20/Gos254/Gos254.s591.mp3,Gos254.s592,Mm-prij-06007,ne še prste kazal .,https://nl.ijs.si/project/gos20/Gos254/Gos254.s592.mp3,4,VERB,kazal,0,1,0,ne,0,0,0,,,,
Gos257,Gos257.s153,Af-prij-07149,"drugače , drugače so pa v glavnem",https://nl.ijs.si/project/gos20/Gos257/Gos257.s153.mp3,Gos257.s154,Cf-prij-07151,"aja , to so tile .",https://nl.ijs.si/project/gos20/Gos257/Gos257.s154.mp3,4,DET,tile,0,0,0,aja,1,0,0,,,,
Gos280,Gos280.s20,Mf-soro-09513,"a veš , in sem pozabila , enostavno , tisti",https://nl.ijs.si/project/gos20/Gos280/Gos280.s20.mp3,Gos280.s21,Af-soro-09512,"ja , saj veš , da .",https://nl.ijs.si/project/gos20/Gos280/Gos280.s21.mp3,4,VERB,veš,0,0,0,ja,1,0,0,,,,
Gos060,Gos060.s622,Cf-ucen-02206,r je a krat,https://nl.ijs.si/project/gos20/Gos060/Gos060.s622.mp3,Gos060.s623,Af-prof-02204,"ja , lahko tako razmišljamo , ja .",https://nl.ijs.si/project/gos20/Gos060/Gos060.s623.mp3,5,VERB,razmišljamo,0,0,0,ja,1,0,0,,,,
Gos074,Gos074.s290,Pm-gost-02549,"tako , kot so ljudje",https://nl.ijs.si/project/gos20/Gos074/Gos074.s290.mp3,Gos074.s291,Am-novi-02535,"ja , pa ima gospod , ja .",https://nl.ijs.si/project/gos20/Gos074/Gos074.s291.mp3,5,VERB,ima,0,1,0,ja,1,0,0,,,,
Gos159,Gos159.s614,Sm-novi-02049,"na televiziji , da greš to reč",https://nl.ijs.si/project/gos20/Gos159/Gos159.s614.mp3,Gos159.s615,Gm-novi-02048,kakšen človek mora to biti .,https://nl.ijs.si/project/gos20/Gos159/Gos159.s615.mp3,5,VERB,mora,0,0,0,kakšen,0,0,0,,,,
Gos181,Gos181.s466,Af-udel-02552,"izbrati moram , mi smo zdaj v bistvu naredile",https://nl.ijs.si/project/gos20/Gos181/Gos181.s466.mp3,Gos181.s467,Cf-udel-02554,"ja , če jih razdelaš , ne .",https://nl.ijs.si/project/gos20/Gos181/Gos181.s467.mp3,5,VERB,razdelaš,0,0,0,ja,1,0,0,,,,
Gos181,Gos181.s474,Af-udel-02552,"vam pokažem , kaj pa boste povedale , saj do sedemindvajsetega bo še čas , da se še k-",https://nl.ijs.si/project/gos20/Gos181/Gos181.s474.mp3,Gos181.s475,Cf-udel-02554,"ja , tebi prepustimo , ti zaupamo .",https://nl.ijs.si/project/gos20/Gos181/Gos181.s475.mp3,5,VERB,prepustimo,1,1,0,ja,1,0,0,,,,
Gos246,Gos246.s352,Am-soro-07522,in da še vedno,https://nl.ijs.si/project/gos20/Gos246/Gos246.s352.mp3,Gos246.s353,Mm-star-07523,"p- , pozna še to , ja .",https://nl.ijs.si/project/gos20/Gos246/Gos246.s353.mp3,5,VERB,pozna,1,1,0,p-,0,0,0,,,,
Gos253,Gos253.s92,Am-prij-02280,"ja , dober jabolčnik je iz",https://nl.ijs.si/project/gos20/Gos253/Gos253.s92.mp3,Gos253.s94,Cm-prij-02282,"samo ni tukla , ni jabolčnik .",https://nl.ijs.si/project/gos20/Gos253/Gos253.s94.mp3,5,NOUN,tukla,1,0,0,samo,0,0,0,,,,
Gos254,Gos254.s612,If-prij-06008,ali pa boš,https://nl.ijs.si/project/gos20/Gos254/Gos254.s612.mp3,Gos254.s614,Dm-prij-06009,"ah , to je tudi kurac .",https://nl.ijs.si/project/gos20/Gos254/Gos254.s614.mp3,5,NOUN,kurac,0,0,0,ah,1,0,0,,,,
Gos254,Gos254.s615,Dm-prij-06009,"podpišeš , potem pa",https://nl.ijs.si/project/gos20/Gos254/Gos254.s615.mp3,Gos254.s616,Mm-prij-06007,"potem pa se zgodi , ne .",https://nl.ijs.si/project/gos20/Gos254/Gos254.s616.mp3,5,VERB,zgodi,1,0,0,potem,0,0,0,,,,
Gos268,Gos268.s285,Tf-prij-06001,"saj se tvoj , ne",https://nl.ijs.si/project/gos20/Gos268/Gos268.s285.mp3,Gos268.s287,Vf-prij-06002,ni mi šel na živce .,https://nl.ijs.si/project/gos20/Gos268/Gos268.s287.mp3,5,VERB,šel,1,1,0,ni,0,0,0,,,,
Artur-J-Gvecg-P580003,Artur-J-Gvecg-P580003.s9-s11_reseg.556.0,Artur-J-G4531,"Klinči , živjo",https://nl.ijs.si/project/iriss/Artur-J-Gvecg-P580003.s9-s11.mp3,Artur-J-Gvecg-P580003.s9-s11_reseg.556.1,Artur-J-G4530,lep pozdrav na Štajerski val,https://nl.ijs.si/project/iriss/Artur-J-Gvecg-P580003.s9-s11.mp3,5,NOUN,pozdrav,0,1,0,lep,0,0,0,,,,
Artur-J-Gvecg-P580041,Artur-J-Gvecg-P580041.s5-s6_reseg.687,Artur-J-G4531,"danes je največji krščanski praznik , kako se ga spominjate , ko še niste bili v vlogi duhovnika",https://nl.ijs.si/project/iriss/Artur-J-Gvecg-P580041.s5-s6.mp3,Artur-J-Gvecg-P580041.s56_reseg.720,Artur-J-G4521,mogel sem najprej popravca narediti .,https://nl.ijs.si/project/iriss/Artur-J-Gvecg-P580041.s56.mp3,5,VERB,mogel,0,1,0,mogel,0,0,0,,,,
Gos074,Gos074.s285,Pm-gost-02549,"tako , kot so",https://nl.ijs.si/project/gos20/Gos074/Gos074.s285.mp3,Gos074.s286,Qm-gost-02550,"mislim , da ni treba zgubljati besed .",https://nl.ijs.si/project/gos20/Gos074/Gos074.s286.mp3,6,VERB,mislim,0,0,0,mislim,0,0,0,,,,
Gos130,Gos130.s157,Bm-novi-06519,"ker sem imel občutek , da me je poslušala včeraj zjutraj , ker je imela iste vremenske pregovore kot jaz v včerajšnji jutranji vremenski napovedi , ja , ja ,",https://nl.ijs.si/project/gos20/Gos130/Gos130.s157.mp3,Gos130.s158,Af-novi-06518,"to je pa dober občutek , ja .",https://nl.ijs.si/project/gos20/Gos130/Gos130.s158.mp3,6,NOUN,občutek,0,1,0,to,0,0,0,,,,
Gos145,Gos145.s211,Dm-mode-01017,"no , pol pa še zemljepisno dolžino in širino povej , če",https://nl.ijs.si/project/gos20/Gos145/Gos145.s211.mp3,Gos145.s212,Mm-posl-01032,"o , to pa ne bo šlo .",https://nl.ijs.si/project/gos20/Gos145/Gos145.s212.mp3,6,VERB,šlo,0,1,0,o,0,0,0,,,,
Gos244,Gos244.s401,Sm-prij-09517,"ja , klinc , zdaj sem pa v , tam , v",https://nl.ijs.si/project/gos20/Gos244/Gos244.s401.mp3,Gos244.s402,Mm-prij-09518,kaj na faks greš ti zdaj ?,https://nl.ijs.si/project/gos20/Gos244/Gos244.s402.mp3,6,VERB,greš,1,1,0,kaj,1,1,0,,,,
Gos254,Gos254.s675,If-prij-06008,"ta starejša je , ona edina",https://nl.ijs.si/project/gos20/Gos254/Gos254.s675.mp3,Gos254.s676,Mm-prij-06007,"j bo te , to se zgodi .",https://nl.ijs.si/project/gos20/Gos254/Gos254.s676.mp3,6,VERB,bo,0,1,0,j,0,0,0,,,,
Gos268,Gos268.s252,Tf-prij-06001,"ja , cocacola jih ima pa",https://nl.ijs.si/project/gos20/Gos268/Gos268.s252.mp3,Gos268.s253,Vf-prij-06002,"ja , ona jih tudi nima veliko .",https://nl.ijs.si/project/gos20/Gos268/Gos268.s253.mp3,6,VERB,nima,0,1,0,ja,1,0,0,,,,
Artur-J-Gvecg-P580047,Artur-J-Gvecg-P580047.s51_reseg.777,Artur-J-G4529,"je vaše študijsko bivanje v Bruslju bilo odločilno , da so vas vaši takratni nadrejeni poslali za dopisnico v Bruselj",https://nl.ijs.si/project/iriss/Artur-J-Gvecg-P580047.s51.mp3,Artur-J-Gvecg-P580047.s52_reseg.778,Artur-J-G4586,"ne , pravzaprav je bilo ravno nasprotno .",https://nl.ijs.si/project/iriss/Artur-J-Gvecg-P580047.s52.mp3,6,ADJ,nasprotno,0,0,0,ne,0,0,0,,,,
Gos073,Gos073.s379,Lm-gost-02115,naj se,https://nl.ijs.si/project/gos20/Gos073/Gos073.s379.mp3,Gos073.s380,Hm-gost-03510,"če bo potrebno , ne glede za ceno .",https://nl.ijs.si/project/gos20/Gos073/Gos073.s380.mp3,7,ADV,potrebno,1,0,0,če,0,0,0,,,,
Gos159,Gos159.s616,Gm-novi-02048,"midva nisva direktorja , a veš , eee , nisva igralca , naju , naju noben",https://nl.ijs.si/project/gos20/Gos159/Gos159.s616.mp3,Gos159.s617,Om-gost-06560,"a , a lahko še enkrat tole , no ?",https://nl.ijs.si/project/gos20/Gos159/Gos159.s617.mp3,7,DET,tole,1,0,0,a,1,1,0,,,,
Gos159,Gos159.s648,Gm-novi-02048,"ker ima , kar koli naredi , a veste , ko , ko , ko",https://nl.ijs.si/project/gos20/Gos159/Gos159.s648.mp3,Gos159.s649,Om-gost-06560,"čakaj , kaj pa takole , kaj pa tako ?",https://nl.ijs.si/project/gos20/Gos159/Gos159.s649.mp3,7,VERB,čakaj,0,0,0,čakaj,0,1,0,,,,
Gos233,Gos233.s364,Tm-otro-03016,"ne , ta naša samohodka je kriza , ker",https://nl.ijs.si/project/gos20/Gos233/Gos233.s364.mp3,Gos233.s366,Bm-star-03014,"vse raztepe pa razm- , ostane na tleh .",https://nl.ijs.si/project/gos20/Gos233/Gos233.s366.mp3,7,VERB,raztepe,0,1,0,vse,0,0,0,,,,
Gos257,Gos257.s132,Af-prij-07149,"stanovanja so pa , eee , si , si pogledal kaj na internetu , tako kakor so",https://nl.ijs.si/project/gos20/Gos257/Gos257.s132.mp3,Gos257.s133,Bm-prij-07150,"nisem , eee , tisto , pogledal sem glih tole .",https://nl.ijs.si/project/gos20/Gos257/Gos257.s133.mp3,7,VERB,nisem,0,1,0,nisem,0,0,0,,,,
Gos257,Gos257.s148,Cf-prij-07151,še,https://nl.ijs.si/project/gos20/Gos257/Gos257.s148.mp3,Gos257.s149,Bm-prij-07150,"čakaj , kdo pa še gre tule zraven ?",https://nl.ijs.si/project/gos20/Gos257/Gos257.s149.mp3,7,VERB,gre,0,0,0,čakaj,0,1,0,,,,
Artur-J-Gvecg-P500042,Artur-J-Gvecg-P500046.s173_reseg.339,Artur-J-G3018,"kako ste v vašem primeru zadostili zahtevam regulatorjev , nadzora , varnosti",https://nl.ijs.si/project/iriss/Artur-J-Gvecg-P500046.s173.mp3,Artur-J-Gvecg-P500046.s211_reseg.348,Artur-J-G3090,tako da na to sem kar ponosen .,https://nl.ijs.si/project/iriss/Artur-J-Gvecg-P500046.s211.mp3,7,ADJ,ponosen,0,0,0,tako,1,0,0,,,,
Artur-J-Gvecg-P580003,Artur-J-Gvecg-P580003.s9-s11_reseg.556.1,Artur-J-G4530,lep pozdrav na Štajerski val,https://nl.ijs.si/project/iriss/Artur-J-Gvecg-P580003.s9-s11.mp3,Artur-J-Gvecg-P580003.s9-s11_reseg.556.2,Artur-J-G4531,del tvojega glasbenega značaja je čista zafrkancija .,https://nl.ijs.si/project/iriss/Artur-J-Gvecg-P580003.s9-s11.mp3,7,NOUN,zafrkancija,0,1,0,del,0,0,0,,,,
Artur-J-Gvecg-P580009,Artur-J-Gvecg-P580009.s33_reseg.601,Artur-J-G4539,ali je rimska pet,https://nl.ijs.si/project/iriss/Artur-J-Gvecg-P580009.s33.mp3,Artur-J-Gvecg-P580009.s34_reseg.602,Artur-J-G4538,"tako ja , rimska pet , ja , ja , eee .",https://nl.ijs.si/project/iriss/Artur-J-Gvecg-P580009.s34.mp3,7,NUM,pet,0,0,0,tako,1,0,0,,,,
Gos018,Gos018.s310,Lm-ucen-01096,"ne , je že",https://nl.ijs.si/project/gos20/Gos018/Gos018.s310.mp3,Gos018.s311,Mf-prof-01097,"aja , torej propada , propada , propada , nihče ne živi .",https://nl.ijs.si/project/gos20/Gos018/Gos018.s311.mp3,8,VERB,propada,0,0,0,aja,1,0,0,,,,
Gos018,Gos018.s318,Em-ucen-01089,"ja , pa poleg",https://nl.ijs.si/project/gos20/Gos018/Gos018.s318.mp3,Gos018.s320,Mf-prof-01097,"tale hiše je kar nekaj značilno , ker propadajo .",https://nl.ijs.si/project/gos20/Gos018/Gos018.s320.mp3,8,ADV,značilno,0,0,0,tale,0,0,0,,,,
Gos243,Gos243.s99,Mm-prij-09507,na par forumov,https://nl.ijs.si/project/gos20/Gos243/Gos243.s99.mp3,Gos243.s100,Am-prij-09505,"na par forumov fuknemo gor , da iščemo kitarista .",https://nl.ijs.si/project/gos20/Gos243/Gos243.s100.mp3,8,VERB,fuknemo,0,0,0,na,0,0,0,,,,
Gos273,Gos273.s87,Bf-prij-02102,tako da,https://nl.ijs.si/project/gos20/Gos273/Gos273.s87.mp3,Gos273.s88,Af-prij-02101,"no , povej , kako sta se še kaj imela .",https://nl.ijs.si/project/gos20/Gos273/Gos273.s88.mp3,8,VERB,povej,0,1,0,no,0,0,0,,,,
Gos061,Gos061.s411,Hm-ucen-05575,samo če so imeli še tam,https://nl.ijs.si/project/gos20/Gos061/Gos061.s411.mp3,Gos061.s412,Af-prof-05568,"kdo ga od daleč že zagleda , [name:personal] , prosim ?",https://nl.ijs.si/project/gos20/Gos061/Gos061.s412.mp3,8,VERB,zagleda,0,0,0,kdo,0,1,0,,,,
Gos159,Gos159.s621,Om-gost-06560,"ej , fanta , mislim , ne me zdaj",https://nl.ijs.si/project/gos20/Gos159/Gos159.s621.mp3,Gos159.s622,Gm-novi-02048,"glej , tega od tebe nisem pričakoval , samo to .",https://nl.ijs.si/project/gos20/Gos159/Gos159.s622.mp3,8,VERB,pričakoval,1,0,0,glej,0,0,0,,,,
Gos168,Gos168.s196,Bm-novi-02092,"no , vidi se , da truda je veliko , na , na vsak način si želi , seveda , zelo , zelo dober rezultat , ampak mislim , da je",https://nl.ijs.si/project/gos20/Gos168/Gos168.s196.mp3,Gos168.s198,Am-novi-02099,"da , in kar odstopila je torej Anja pärson .",https://nl.ijs.si/project/gos20/Gos168/Gos168.s198.mp3,8,VERB,odstopila,0,1,0,da,0,0,0,,,,
Gos182,Gos182.s175,Bf-prod-02264,"zdaj sploh ni več teh slik , ki bi",https://nl.ijs.si/project/gos20/Gos182/Gos182.s175.mp3,Gos182.s176,Af-stra-02238,"a si videla oni plakat , krasen , za Hazard .",https://nl.ijs.si/project/gos20/Gos182/Gos182.s176.mp3,8,VERB,videla,0,1,0,a,1,0,0,,,,
Gos254,Gos254.s687,Mm-prij-06007,to so,https://nl.ijs.si/project/gos20/Gos254/Gos254.s687.mp3,Gos254.s688,Dm-prij-06009,"to je bila nesreča pa so jo , in",https://nl.ijs.si/project/gos20/Gos254/Gos254.s688.mp3,8,NOUN,nesreča,0,0,0,to,0,0,0,,,,
Gos262,Gos262.s144,Af-prij-00507,"ja , sem slišala , sem videla , v bistvu sem na facebooku , ja",https://nl.ijs.si/project/gos20/Gos262/Gos262.s144.mp3,Gos262.s145,Bf-prij-00508,"a na facebooku , no , saj jaz isto , ja .",https://nl.ijs.si/project/gos20/Gos262/Gos262.s145.mp3,8,PROPN,facebooku,0,1,0,a,1,0,0,,,,
Gos074,Gos074.s293,Am-novi-02535,"dobro , ampak",https://nl.ijs.si/project/gos20/Gos074/Gos074.s293.mp3,Gos074.s294,Pm-gost-02549,da bo imela neke rezultate na področju gospodarskega kriminala .,https://nl.ijs.si/project/gos20/Gos074/Gos074.s294.mp3,9,VERB,imela,0,0,0,da,0,0,0,,,,
Gos190,Gos190.s120,Bf-prod-02277,"se imaš , to je treba zalivati in",https://nl.ijs.si/project/gos20/Gos190/Gos190.s120.mp3,Gos190.s121,Af-stra-02276,"daj mi , poglejva , ne ciklame , one , eee , jurice , tako .",https://nl.ijs.si/project/gos20/Gos190/Gos190.s121.mp3,9,VERB,poglejva,0,0,0,daj,0,0,0,,,,
Gos235,Gos235.s250,Mf-soro-09520,"aja , u- , ne , saj so predavatelji so sigurno mlajši od tele",https://nl.ijs.si/project/gos20/Gos235/Gos235.s250.mp3,Gos235.s251,Tf-soro-09519,"v naši knjigarni , mhm , tako da ja , ja , prec .",https://nl.ijs.si/project/gos20/Gos235/Gos235.s251.mp3,9,NOUN,knjigarni,0,1,0,v,1,0,0,,,,
Gos173,Gos173.s58,Bm-stra-05582,tlele sem si vsak večer nesel k,https://nl.ijs.si/project/gos20/Gos173/Gos173.s58.mp3,Gos173.s59,Am-prod-05581,"ja , ja , pes , tam , kjer je pes , tam je dobro .",https://nl.ijs.si/project/gos20/Gos173/Gos173.s59.mp3,10,NOUN,pes,1,1,0,ja,1,0,0,,,,
Gos185,Gos185.s174,Af-udel-02236,"in da te včasih prav kaj šokira , kaj , kaj ti reče , recimo",https://nl.ijs.si/project/gos20/Gos185/Gos185.s174.mp3,Gos185.s175,Cf-udel-02323,"samo po drugi strani pa on izredno zrelo misli , ne .",https://nl.ijs.si/project/gos20/Gos185/Gos185.s175.mp3,10,VERB,misli,0,0,0,samo,0,0,0,,,,
Gos254,Gos254.s643,Dm-prij-06009,imajo tiste notri pa,https://nl.ijs.si/project/gos20/Gos254/Gos254.s643.mp3,Gos254.s644,If-prij-06008,"naj , jaz sem za , aja , ne , fejst gori te višine .",https://nl.ijs.si/project/gos20/Gos254/Gos254.s644.mp3,10,VERB,sem,0,1,0,naj,0,0,0,,,,
Gos192,Gos192.s75,Cf-stra-07534,"ker nama je bilo ful všeč tako malo mestece , tako mir , kar , pa",https://nl.ijs.si/project/gos20/Gos192/Gos192.s75.mp3,Gos192.s76,Am-prod-02325,"sem ti rekel , da sem jaz živel na slovenski obali , ne ?",https://nl.ijs.si/project/gos20/Gos192/Gos192.s76.mp3,11,VERB,rekel,0,1,0,sem,0,1,0,,,,
Gos236,Gos236.s369,Af-otro-02559,kdaj si s-,https://nl.ijs.si/project/gos20/Gos236/Gos236.s369.mp3,Gos236.s370,Df-otro-02562,"saj še ne vem , kam , v Avstralijo ali pa v Ameriko .",https://nl.ijs.si/project/gos20/Gos236/Gos236.s370.mp3,11,VERB,vem,1,0,0,saj,0,0,0,,,,
Gos167,Gos167.s142,Tm-nast-06575,"eee , ja , žena kupuje za moj denar , ampak , eee ,",https://nl.ijs.si/project/gos20/Gos167/Gos167.s142.mp3,Gos167.s143,Df-mode-06573,"podarjam pa potem jaz , recimo , ženi sem , a ni v kostimu ?",https://nl.ijs.si/project/gos20/Gos167/Gos167.s143.mp3,11,VERB,podarjam,0,0,0,podarjam,0,1,0,,,,
Gos173,Gos173.s62,Am-prod-05581,"ja , ja , da bi kdo rekel",https://nl.ijs.si/project/gos20/Gos173/Gos173.s62.mp3,Gos173.s63,Bm-stra-05582,one rebra pa gor in sem tamle zraven čevljev sem spal .,https://nl.ijs.si/project/gos20/Gos173/Gos173.s63.mp3,11,NOUN,rebra,0,1,0,one,0,0,0,,,,
Gos190,Gos190.s115,Af-stra-02276,do zdaj so,https://nl.ijs.si/project/gos20/Gos190/Gos190.s115.mp3,Gos190.s116,Cf-stra-02265,"ker jaz bi imela lepe rože , samo ne dosti dela , veš .",https://nl.ijs.si/project/gos20/Gos190/Gos190.s116.mp3,11,VERB,imela,0,1,0,ker,0,0,0,,,,
Gos262,Gos262.s155,Af-prij-00507,"ja , ma na koncu se pa zmeraj",https://nl.ijs.si/project/gos20/Gos262/Gos262.s155.mp3,Gos262.s157,Bf-prij-00508,"jah , je kar , no , meni se zdi , da- , da je kar .",https://nl.ijs.si/project/gos20/Gos262/Gos262.s157.mp3,11,VERB,je,1,1,0,jah,0,0,0,,,,
Gos181,Gos181.s440,Df-udel-02555,"ja , da preden bodo , eee , usposobljene one , bomo s , še en",https://nl.ijs.si/project/gos20/Gos181/Gos181.s440.mp3,Gos181.s441,Af-udel-02552,"jaz mislim , da je tole , punce , jaz mislim , da je tole to .",https://nl.ijs.si/project/gos20/Gos181/Gos181.s441.mp3,12,VERB,mislim,0,0,0,jaz,0,0,0,,,,
Gos233,Gos233.s385,Bm-star-03014,more biti,https://nl.ijs.si/project/gos20/Gos233/Gos233.s385.mp3,Gos233.s386,Tm-otro-03016,"to te itak [name:organisation] ima monopol pa vse , pol pa nateguje ljudi .",https://nl.ijs.si/project/gos20/Gos233/Gos233.s386.mp3,12,VERB,ima,0,1,0,to,0,0,0,,,,
Artur-J-Gvecg-P580023,Artur-J-Gvecg-P580023.s46-s47_reseg.641,Artur-J-G4544,"ste sploh razmišljali , da bi si zbrali kakšen drug poklic , ko pa vam je bila glasba , pesem in petje položena v zibelko",https://nl.ijs.si/project/iriss/Artur-J-Gvecg-P580023.s46-s47.mp3,Artur-J-Gvecg-P580023.s50-s51_reseg.644,Artur-J-G4554,"celo osnovno šolo in začetek srednje šole sem sanjala , da bom pediatrinja .",https://nl.ijs.si/project/iriss/Artur-J-Gvecg-P580023.s50-s51.mp3,12,VERB,sanjala,0,0,0,celo,0,0,0,,,,
Artur-J-Gvecg-P580041,Artur-J-Gvecg-P580041.s42_reseg.712,Artur-J-G4531,"mimogrede pomislim , kako je bilo mami s sedmimi moškimi pri hiši",https://nl.ijs.si/project/iriss/Artur-J-Gvecg-P580041.s42.mp3,Artur-J-Gvecg-P580041.s45_reseg.714,Artur-J-G4521,"dejstvo pa je , da se zelo dobro zastopimo in smo zelo povezani .",https://nl.ijs.si/project/iriss/Artur-J-Gvecg-P580041.s45.mp3,12,NOUN,dejstvo,0,1,0,dejstvo,0,0,0,,,,
Gos167,Gos167.s140,Tm-nast-06575,"recimo , eee , čevlje , nogavice ali pa kravato , jaz sem rec-",https://nl.ijs.si/project/gos20/Gos167/Gos167.s140.mp3,Gos167.s141,Df-mode-06573,"ampak , [name:personal] , kako ji vi podarite , če ste prej rekli , da žena kupuje ?",https://nl.ijs.si/project/gos20/Gos167/Gos167.s141.mp3,13,VERB,podarite,1,1,0,ampak,0,1,0,,,,
Artur-J-Gvecg-P580009,Artur-J-Gvecg-P580009.s16-s17_reseg.592,Artur-J-G4539,"in če si bil ves ta čas vpet v pisanje , še ostajaš tudi zdaj povezan z besedami in pisanjem",https://nl.ijs.si/project/iriss/Artur-J-Gvecg-P580009.s16-s17.mp3,Artur-J-Gvecg-P580009.s20-s21_reseg.595,Artur-J-G4538,"niti mi ne diši današnje novinarstvo , kakršno postaja , ne v celoti , ampak marsikje .",https://nl.ijs.si/project/iriss/Artur-J-Gvecg-P580009.s20-s21.mp3,13,VERB,diši,0,0,0,niti,0,0,0,,,,
Gos205,Gos205.s66,Bf-stra-02233,"in pač , ne vem zdaj , kaj , ali imeli svoj lasten piknik ali kaj jaz vem , nekaj v bistvu čim bolj takega neformalnega bi jaz",https://nl.ijs.si/project/gos20/Gos205/Gos205.s66.mp3,Gos205.s67,Af-info-02324,"mhm , mhm , ja , ja , da je čim bolj , tako , da se pol nadaljuje , ja .",https://nl.ijs.si/project/gos20/Gos205/Gos205.s67.mp3,14,VERB,je,0,1,0,mhm,1,0,0,,,,
Gos253,Gos253.s86,Bm-prij-02281,vrč pa,https://nl.ijs.si/project/gos20/Gos253/Gos253.s86.mp3,Gos253.s87,Cm-prij-02282,"a , sok je meni dober , ne , v bistvu iz jabolk , mi je ful všeč .",https://nl.ijs.si/project/gos20/Gos253/Gos253.s87.mp3,14,ADJ,dober,0,0,0,a,1,0,0,,,,
Gos225,Gos225.s359,Hf-prij-02352,"na , noče , ne tule na",https://nl.ijs.si/project/gos20/Gos225/Gos225.s359.mp3,Gos225.s360,Cm-prij-02347,"kaj tako si , da bi dala ona kaj noter , ne vem , ko ima , kaj jaz vem .",https://nl.ijs.si/project/gos20/Gos225/Gos225.s360.mp3,16,VERB,si,1,0,0,kaj,1,0,0,,,,
Gos280,Gos280.s55,Mf-soro-09513,"mislim , če b-",https://nl.ijs.si/project/gos20/Gos280/Gos280.s55.mp3,Gos280.s56,Af-soro-09512,"je rekel , da je , eee , da kar , edino , če se kako kaj na stran ali pa",https://nl.ijs.si/project/gos20/Gos280/Gos280.s56.mp3,16,VERB,rekel,1,0,0,je,0,0,0,,,,
Gos228,Gos228.s81,Kf-sode-01615,"se prevažajo tam proti Dragonji , tam je",https://nl.ijs.si/project/gos20/Gos228/Gos228.s81.mp3,Gos228.s82,If-sode-01616,"ja , ja , jaz sem včeraj , ko smo šli proti Belvedurju , ne , ki greš tam mimo Svetega Antona .",https://nl.ijs.si/project/gos20/Gos228/Gos228.s82.mp3,17,VERB,sem,0,0,0,ja,1,0,0,,,,
Gos241,Gos241.s160,Vm-prij-09524,pol je pa samo,https://nl.ijs.si/project/gos20/Gos241/Gos241.s160.mp3,Gos241.s161,Bm-prij-09523,"recimo , eem , bencinski motor ima pa zelo različne izkoristke , pri nizkih ali pa pri visokih obratih , ne .",https://nl.ijs.si/project/gos20/Gos241/Gos241.s161.mp3,17,VERB,ima,0,0,0,recimo,0,0,0,,,,
Artur-J-Gvecg-P500064,Artur-J-Gvecg-P500064.s418-s419_reseg.492,Artur-J-G3139,ali dobijo takšne družine pomoč potem pravočasno ali bi vendarle morda tu lahko bili hitrejši,https://nl.ijs.si/project/iriss/Artur-J-Gvecg-P500064.s418-s419.mp3,Artur-J-Gvecg-P500064.s420-s421_reseg.493,Artur-J-G3137,"tukaj se trudimo in , e , res tudi prednostno , e , se obravnava , zaostankov na tem področju , e , ni .",https://nl.ijs.si/project/iriss/Artur-J-Gvecg-P500064.s420-s421.mp3,17,VERB,trudimo,0,0,0,tukaj,0,0,0,,,,
Artur-J-Gvecg-P580023,Artur-J-Gvecg-P580023.s36_reseg.637,Artur-J-G4544,"a bi bilo mogoče , da bi kdaj nastal kvintet Drašljer , vi trije bi peli , brata vas bi spremljala",https://nl.ijs.si/project/iriss/Artur-J-Gvecg-P580023.s36.mp3,Artur-J-Gvecg-P580023.s43_reseg.639,Artur-J-G4554,"ampak se pa trudimo v tej smeri , da jih pa kdaj tudi eee , po domače rečeno , ponucamo .",https://nl.ijs.si/project/iriss/Artur-J-Gvecg-P580023.s43.mp3,17,VERB,trudimo,0,1,0,ampak,0,0,0,,,,
Gos217,Gos217.s102,Bf-ssta-10002,vse tako sito kot pa,https://nl.ijs.si/project/gos20/Gos217/Gos217.s102.mp3,Gos217.s103,Jf-star-10005,"ja , tako je , tako , če flancat vtakneš dol , bolj pa dva , si pa tako , da te raznesti hoče .",https://nl.ijs.si/project/gos20/Gos217/Gos217.s103.mp3,18,VERB,je,0,0,0,ja,1,0,0,,,,
Artur-J-Gvecg-P580003,Artur-J-Gvecg-P580003.s67-s68_reseg.570,Artur-J-G4531,"ti si napisal te preobleke , kdo pa še stoji na odru , znana imena",https://nl.ijs.si/project/iriss/Artur-J-Gvecg-P580003.s67-s68.mp3,Artur-J-Gvecg-P580003.s69-s72_reseg.571.0,Artur-J-G4530,"torej Tilen Artač , ko smo ga prvič videli na oddaji , kjer je imitiral , e , določene like in jih izvajal .",https://nl.ijs.si/project/iriss/Artur-J-Gvecg-P580003.s69-s72.mp3,19,PROPN,Tilen,0,0,0,torej,0,0,0,,,,
Gos281,Gos281.s274,Mm-soro-00809,tako da,https://nl.ijs.si/project/gos20/Gos281/Gos281.s274.mp3,Gos281.s275,Jm-soro-00810,"ja , ja , ja , to sem jaz naredil , samo pol p- , kot ta petega , ne , sem se pa z [name:personal] menil .",https://nl.ijs.si/project/gos20/Gos281/Gos281.s275.mp3,20,VERB,naredil,0,0,0,ja,1,0,0,,,,
Artur-J-Gvecg-P580002,Artur-J-Gvecg-P580002.s7-s9_reseg.518,Artur-J-G4529,"torej , kaj je prineslo leto korone na področju zaposlovanja , odpuščanja , pravzaprav na področju trga dela",https://nl.ijs.si/project/iriss/Artur-J-Gvecg-P580002.s7-s9.mp3,Artur-J-Gvecg-P580002.s11-s12_reseg.520,Artur-J-G4528,"delali smo v razmerah , kakršnih še doslej nismo bili , srečevali smo se s problemi , s katerimi se doslej še nismo .",https://nl.ijs.si/project/iriss/Artur-J-Gvecg-P580002.s11-s12.mp3,20,VERB,delali,0,0,0,delali,0,0,0,,,,
Artur-J-Gvecg-P500026,Artur-J-Gvecg-P500026.s267-s268_reseg.193,Artur-J-G3057,zakaj se je več ne sliši in več ne razume,https://nl.ijs.si/project/iriss/Artur-J-Gvecg-P500026.s267-s268.mp3,Artur-J-Gvecg-P500026.s269-s276_reseg.194,Artur-J-G3056,"po eni strani zato , ker , eem , ne znamo odgovorov na razmeroma preprosta vprašanja podati na tak način , da bi jih ljudje razumeli .",https://nl.ijs.si/project/iriss/Artur-J-Gvecg-P500026.s269-s276.mp3,22,NOUN,strani,0,0,0,po,0,0,0,,,,
Gos189,Gos189.s49,Pf-prof-07533,"pa z- , ko ste zdaj pripravljali osnutek",https://nl.ijs.si/project/gos20/Gos189/Gos189.s49.mp3,Gos189.s50,Sf-stud-07534,"jaz moram res povedati , da bi si želela za ta predmet , da bi enkrat dlje trajal , pa da ne bi bil na koncu .",https://nl.ijs.si/project/gos20/Gos189/Gos189.s50.mp3,23,VERB,moram,0,0,0,jaz,0,0,0,,,,
Gos045,Gos045.s301,Cm-gost-02143,"glejte , zdaj ne vem , koliko jih v- , jih je bilo takrat prisotnih na tem , eee , krpanju , ampak skušamo vse zadevo",https://nl.ijs.si/project/gos20/Gos045/Gos045.s301.mp3,Gos045.s302,Af-mode-02141,"na generalno gledati na racionalnost , eee , izkušnje so , če gledamo , kaj delate izvajalci po Sloveniji , kar , eee , takšne , da moramo biti zelo previdni .",https://nl.ijs.si/project/gos20/Gos045/Gos045.s302.mp3,23,VERB,gledati,0,1,0,na,0,0,0,,,,
Gos189,Gos189.s53,Sf-stud-07534,"zdaj pa , pa to sonce in toplo vreme zunaj in zdaj pa",https://nl.ijs.si/project/gos20/Gos189/Gos189.s53.mp3,Gos189.s54,Pf-prof-07533,"vse nas malo povleče ven , ne , te še moremo malo potem še tiste zadnje moči , da nekako pridemo k sebi , v redu , ne , mhm .",https://nl.ijs.si/project/gos20/Gos189/Gos189.s54.mp3,24,VERB,povleče,1,1,0,vse,0,0,0,,,,
Gos268,Gos268.s270,Vf-prij-06002,"oni , ki je na balkonu , pa skozi",https://nl.ijs.si/project/gos20/Gos268/Gos268.s270.mp3,Gos268.s271,Tf-prij-06001,"samo , a veš , da prej , mislim , ko sva pa midve govorile , sem tudi skozi enega ptiča čula , samo sem mislila , da so oni navadni odzunaj .",https://nl.ijs.si/project/gos20/Gos268/Gos268.s271.mp3,25,VERB,veš,0,1,0,samo,0,0,0,,,,
Artur-J-Gvecg-P500014,Artur-J-Gvecg-P500014.s275-s276_reseg.103,Artur-J-G3018,"je bilo veliko takih odzivov , da si želijo eee tovrstne storitve tudi v v vsakršnem času",https://nl.ijs.si/project/iriss/Artur-J-Gvecg-P500014.s275-s276.mp3,Artur-J-Gvecg-P500014.s277-s279_reseg.104,Artur-J-G3020,"ja , po eni strani moram povedati , no , da nekje polovica naših uporabnikov programov se je odlo- odločila za te online eem prilagoditve , ne , za Zoome eee in tako naprej .",https://nl.ijs.si/project/iriss/Artur-J-Gvecg-P500014.s277-s279.mp3,29,VERB,moram,0,0,0,ja,1,0,0,,,,
Gos255,Gos255.s255,Jm-soro-05614,"to je bila storitev , je pa bila draga , mislim , ali to ni bilo , ka ste tako pogosto uporabljali za vslak- , vsak drek , to ne za",https://nl.ijs.si/project/gos20/Gos255/Gos255.s255.mp3,Gos255.s256,Sm-soro-10523,"dovre- , ja , ja , ne , to so se vozili stalno , m- , mislim , njivo so imeli na ovi strani , ovi pa tu , veš , ker tu vseeno njiva z , mmm , njihova z obeh štajer .",https://nl.ijs.si/project/gos20/Gos255/Gos255.s256.mp3,31,VERB,vozili,1,0,0,dovre-,0,0,0,,,,
Artur-J-Gvecg-P580009,Artur-J-Gvecg-P580009.s52_reseg.610,Artur-J-G4539,se spomniš svoje prve kolumne,https://nl.ijs.si/project/iriss/Artur-J-Gvecg-P580009.s52.mp3,Artur-J-Gvecg-P580009.s55_reseg.612,Artur-J-G4538,"prav prve se dejansko ne spomnim , seveda jaz imam vse to z- zbrano in spravljeno , in če bi pogledal , bi seveda rekel , zdaj , eee , rekel , da se spomnim , ne , ampak se ne .",https://nl.ijs.si/project/iriss/Artur-J-Gvecg-P580009.s55.mp3,32,VERB,spomnim,0,1,0,prav,1,0,0,,,,
Artur-J-Gvecg-P580002,Artur-J-Gvecg-P580002.s28-s29_reseg.525,Artur-J-G4529,"bili ste prisotni , bili ste na voljo tudi za vse , ki so vas klicali po telefonu ali vam pisali , kdo se je takrat obračal na vas predvsem",https://nl.ijs.si/project/iriss/Artur-J-Gvecg-P580002.s28-s29.mp3,Artur-J-Gvecg-P580002.s31-s32_reseg.527,Artur-J-G4528,"od začetka smo nekako postavili dežurno ekipo , eee , večino sodelavcev , pred tem tistih , iz ranljivih ciljnih skupin , se pravi starejših ali pa tistih , ki imajo kakšne zdravstvene omejitve , smo začasno razporedili na čakanje na delo , eee , na dom .",https://nl.ijs.si/project/iriss/Artur-J-Gvecg-P580002.s31-s32.mp3,38,VERB,postavili,0,0,0,od,0,0,0,,,,
Artur-J-Gvecg-P500064,Artur-J-Gvecg-P500064.s449-s450_reseg.507,Artur-J-G3139,"e , z željo , da nam daste nasvet , kako , eem , kaj lahko skupnost bolnikov naredi , da tukaj vendarle naredimo kakšen korak naprej",https://nl.ijs.si/project/iriss/Artur-J-Gvecg-P500064.s449-s450.mp3,Artur-J-Gvecg-P500064.s451-s458_reseg.509,Artur-J-G3137,"na ministrstvu spremljamo vse , vse pobude , ki jih dajejo različna , pardon , društva , e , združenja , e , zavodi , e , jih potem tudi , e , posredujemo naprej , e , zdravniškim , e , komisijam in , e , pravilnik , v katerem so določeni kriteriji , in seznam hudih , e , bolezni , e , in , e , stanj , za katere so upravičeni potem do dodatka , se dejansko posodablja .",https://nl.ijs.si/project/iriss/Artur-J-Gvecg-P500064.s451-s458.mp3,54,VERB,spremljamo,0,0,0,na,0,0,0,,,,
