doc,confidence,confidence_score,A_sent_id,A_speaker,A_text,B_sent_id,B_speaker,B_text,B_nonpunct_token_count,A_root_token_id,A_root_form,A_root_upos,B_root_form,B_root_upos,a_orphan_last2,a_truncation,a_end_connector,b_backchannel_like,b_question_like,a_b_lexical_overlap,overlap_lemmas,why_candidate,proposed_attach_A_root,keep?,proposed_coconstruct_deprel,proposed_coconstruct_misc
Gos174,HIGH,97,Gos174.s24,Bf-udel-05579,"[name:personal] , ime , eee , kaj , ose- , osebe , zadolžene ali pa odgovorne za , ne , odgovorne za",Gos174.s25,Cf-udel-05580,"eee , osebe , ja , tako .",4,3,ime,NOUN,osebe,NOUN,True,True,True,False,False,True,oseba,A orphan near end; A truncation marker; A connector-like ending; A/B lexical overlap,Gos174.s24::3,,,
Gos201,HIGH,73,Gos201.s20,Cf-vodj-05590,"eee , a čakaj , a to za one , ki , ki , ki , ki bi mogle , kot si rekla , da b- .",Gos201.s21,Af-klic-06567,"ja , nnn , ja .",3,7,to,DET,ja,PART,True,True,False,False,False,False,,A orphan near end; A truncation marker,Gos201.s20::7,,,
Gos280,HIGH,73,Gos280.s54,Af-soro-09512,"ja , j- .",Gos280.s55,Mf-soro-09513,"mislim , če b-",3,1,ja,PART,mislim,VERB,True,True,False,False,False,False,,A orphan near end; A truncation marker,Gos280.s54::1,,,
Gos156,HIGH,68,Gos156.s23,Rm-mode-08503,"eee , torej on- , o- .",Gos156.s24,Jm-gost-08504,"sta si to izmislila , to ime .",6,3,torej,CCONJ,izmislila,VERB,True,True,False,False,False,False,,A orphan near end; A truncation marker,Gos156.s23::3,,,
Gos181,HIGH,68,Gos181.s474,Af-udel-02552,"vam pokažem , kaj pa boste povedale , saj do sedemindvajsetega bo še čas , da se še k-",Gos181.s475,Cf-udel-02554,"ja , tebi prepustimo , ti zaupamo .",5,2,pokažem,VERB,prepustimo,VERB,True,True,False,False,False,False,,A orphan near end; A truncation marker,Gos181.s474::2,,,
Gos225,HIGH,68,Gos225.s366,Bm-prij-02346,"no , ni že vs- .",Gos225.s367,Dm-prij-02348,"iščem , pa ne te najdem .",5,3,ni,VERB,iščem,VERB,True,True,False,False,False,False,,A orphan near end; A truncation marker,Gos225.s366::3,,,
Gos255,HIGH,68,Gos255.s253,Tf-soro-10524,"to , to je in še danes jo vidim , to brodarico , ne , in te me ona čez odpeljala in jaz lepo pa skoz šumo , dete malo , pa p- , skozi .",Gos255.s254,Jm-soro-05614,"ampak to trebalo plačati , brod .",5,4,je,VERB,trebalo,VERB,True,True,False,False,False,False,,A orphan near end; A truncation marker,Gos255.s253::4,,,
Gos048,HIGH,62,Gos048.s114,Bf-novi-04534,odprta pa je do ?,Gos048.s115,Cf-gost-07017,odprta pa je do konca julija .,6,1,odprta,ADJ,odprta,ADJ,True,False,True,False,False,True,odprt,A orphan near end; A connector-like ending; A/B lexical overlap,Gos048.s114::1,,,
Gos253,HIGH,62,Gos253.s92,Am-prij-02280,"ja , dober jabolčnik je iz",Gos253.s94,Cm-prij-02282,"samo ni tukla , ni jabolčnik .",5,5,je,VERB,tukla,NOUN,True,False,True,False,False,True,jabolčnik,A orphan near end; A connector-like ending; A/B lexical overlap,Gos253.s92::5,,,
Gos155,MEDIUM,59,Gos155.s87,Pm-mode-10504,"[name:personal] pravi , ka si je , ka si je zapomnil in ka bo Rdeča vrtnica od Viktorije , pozdrave še nekomu .",Gos155.s88,Dm-mode-10505,malo .,1,2,pravi,VERB,malo,DET,True,False,True,False,False,False,,A orphan near end; A connector-like ending,Gos155.s87::2,,,
Gos014,MEDIUM,59,Gos014.s634,Af-prof-07180,"v redu , kam pa ?",Gos014.s635,Hm-ucen-07187,v zrak .,2,4,kam,ADV,zrak,NOUN,True,False,True,False,False,False,,A orphan near end; A connector-like ending,Gos014.s634::4,,,
Gos182,MEDIUM,59,Gos182.s204,Bf-prod-02264,"in sem rekla , o , živjo , ti , kdaj pa prideš pa to , a veš , pa vse ti .",Gos182.s205,Af-stra-02238,ojej .,1,3,rekla,VERB,ojej,INTJ,True,False,True,False,False,False,,A orphan near end; A connector-like ending,Gos182.s204::3,,,
Gos190,MEDIUM,59,Gos190.s79,Bf-prod-02277,katere to ?,Gos190.s80,Cf-stra-02265,"eee , amarilise .",2,1,katere,DET,amarilise,NOUN,True,False,True,False,False,False,,A orphan near end; A connector-like ending,Gos190.s79::1,,,
Gos229,MEDIUM,59,Gos229.s359,Ef-ssta-06566,a to,Gos229.s360,Lf-otro-06567,a veš .,2,2,to,DET,veš,VERB,True,False,True,False,False,False,,A orphan near end; A connector-like ending,Gos229.s359::2,,,
Gos254,MEDIUM,59,Gos254.s691,Dm-prij-06009,"ustaške skupine , nekaj so hoteli z",Gos254.s692,If-prij-06008,je preživela .,2,2,skupine,NOUN,preživela,VERB,True,False,True,False,False,False,,A orphan near end; A connector-like ending,Gos254.s691::2,,,
Gos120,MEDIUM,57,Gos120.s3,Mm-gost-01605,"ja , čakajte , to nič na p- , referendum ne pomeni nič .",Gos120.s4,Of-novi-01604,ampak rezultat referenduma vendarle lahko predvidimo .,6,3,čakajte,VERB,predvidimo,VERB,False,True,True,False,False,True,referendum,A truncation marker; A connector-like ending; A/B lexical overlap,Gos120.s3::3,,,
Gos159,MEDIUM,57,Gos159.s591,Gm-novi-02048,"eee , ali ni , ne vem v čemu , ali [name:personal] , [name:personal] , eee , dajmo , glej , eee , ali ni , a ni to žaljivo do lepote ene , ene , ene , ene čke , recimo , eee , glej , kot , a je to čka kot oseba ženskega spola ali je čka kot spolni organ , a veš , to je , mislim , ne u- , u- tudi .",Gos159.s592,Sm-novi-02049,"ja , nočemo vedeti , čka od človeka je tudi",8,30,žaljivo,ADJ,nočemo,VERB,False,True,True,False,False,True,biti|vedeti|čka,A truncation marker; A connector-like ending; A/B lexical overlap,Gos159.s591::30,,,
Gos222,MEDIUM,55,Gos222.s283,Jf-prij-01612,smo šli hitro domov in mačka zadaj za nami .,Gos222.s284,Mf-prij-01630,zadaj za vami .,3,2,šli,VERB,vami,PRON,True,False,True,False,False,False,,A orphan near end; A connector-like ending,Gos222.s283::2,,,
Gos233,MEDIUM,55,Gos233.s400,Tm-otro-03016,"ja , čakaj malo , glejta , a veš , koliko ti v",Gos233.s401,Bm-star-03014,"ne , ne [name:organisation] .",3,9,veš,VERB,[name:organisation],PROPN,True,False,True,False,False,False,,A orphan near end; A connector-like ending,Gos233.s400::9,,,
Gos254,MEDIUM,55,Gos254.s594,Dm-prij-06009,ne še .,Gos254.s595,If-prij-06008,to še mali bil .,4,1,ne,PART,mali,ADJ,True,False,True,False,False,False,,A orphan near end; A connector-like ending,Gos254.s594::1,,,
Gos157,MEDIUM,54,Gos157.s141,Am-novi-02048,"kaj sem bil v- , vnet , jaz sem bil vnet , ja .",Gos157.s142,Cf-gost-00510,"vnet , ja .",2,1,kaj,ADV,vnet,ADJ,False,True,False,False,False,True,vnet,A truncation marker; A/B lexical overlap,Gos157.s141::1,,,
Gos244,MEDIUM,54,Gos244.s418,Sm-prij-09517,"pa če znam od b- , od petih pogojev pogojenih , mislim , tistih pri jeziku , ki naj bi jih poznal štiri , mislim tri je dosti po moje .",Gos244.s419,Mm-prij-09518,saj,1,3,znam,VERB,saj,CCONJ,False,True,True,False,False,False,,A truncation marker; A connector-like ending,Gos244.s418::3,,,
Gos262,MEDIUM,54,Gos262.s117,Af-prij-00507,"tam , kamor je , eee , vhod v mar- , v market .",Gos262.s119,Bf-prij-00508,je ena .,2,1,tam,ADV,je,VERB,False,True,False,False,False,True,biti,A truncation marker; A/B lexical overlap,Gos262.s117::1,,,
Gos270,MEDIUM,54,Gos270.s186,Bm-prij-02169,"cel dan , kur- , ja , saj pri meni isto , pizda , veš , pa tule , kurba , ko nimam nič za delati , sem cel dan online , kurba .",Gos270.s187,Am-prij-02168,"veš , da .",2,2,dan,NOUN,veš,VERB,False,True,False,False,False,True,vedeti,A truncation marker; A/B lexical overlap,Gos270.s186::2,,,
Gos073,MEDIUM,50,Gos073.s379,Lm-gost-02115,naj se,Gos073.s380,Hm-gost-03510,"če bo potrebno , ne glede za ceno .",7,1,naj,PART,potrebno,ADV,True,False,True,False,False,False,,A orphan near end; A connector-like ending,Gos073.s379::1,,,
Gos206,MEDIUM,50,Gos206.s135,Sm-klic-02321,"uuu , nisem zdajle za raču- , Nep , Nep , ja .",Gos206.s136,Vm-prod-07539,samo Nep ne .,3,3,nisem,VERB,Nep,NOUN,False,True,False,False,False,True,nep,A truncation marker; A/B lexical overlap,Gos206.s135::3,,,
Gos009,MEDIUM,50,Gos009.s225,Tf-stud-06580,"nisem ga iskala , ampak sem srečala v tečaj slovenščine na začetku , eem , sem srečala moj z- zdaj- , eee , moj",Gos009.s227,Af-prof-06578,"mojo cimro , mojega cimra .",4,3,iskala,VERB,cimra,NOUN,False,True,True,False,False,False,,A truncation marker; A connector-like ending,Gos009.s225::3,,,
Gos013,MEDIUM,50,Gos013.s163,Hf-ucen-05660,kaj pol .,Gos013.s165,Am-prof-05653,"dobro , kaj čemo kar skupaj ali kaj .",7,1,kaj,PRON,čemo,VERB,True,False,True,False,False,False,,A orphan near end; A connector-like ending,Gos013.s163::1,,,
Gos021,MEDIUM,50,Gos021.s153,Bm-ucen-01052,"ja , iz modre v rdečo .",Gos021.s154,Sf-prof-01049,"preskok barve , torej moder , rdeč .",5,4,modre,ADJ,preskok,NOUN,True,False,False,False,False,True,moder|rdeč,A orphan near end; A/B lexical overlap,Gos021.s153::4,,,
Gos063,MEDIUM,50,Gos063.s545,Fm-ucen-07162,od dvajset herzov do dvajset kiloherzov .,Gos063.s546,Am-prof-07158,"dvajset herzov do dvajset kiloherzov , ne .",6,3,herzov,NOUN,herzov,NOUN,True,False,False,False,False,True,dvajset|herz|kiloherz,A orphan near end; A/B lexical overlap,Gos063.s545::3,,,
Gos135,MEDIUM,50,Gos135.s646,Am-mode-05620,"do- , do- , do- , do- , do- , do- , dobro jutro .",Gos135.s647,Nm-posl-05638,"dobro jutro , enako .",3,14,jutro,NOUN,jutro,NOUN,False,True,False,False,False,True,dober|jutro,A truncation marker; A/B lexical overlap,Gos135.s646::14,,,
Gos158,MEDIUM,50,Gos158.s107,Em-mode-02048,"eee , pre- , eee , seveda moramo najprej narediti našo protokolarno obveznost , da , eee , [name:personal] fotografiramo za najino , eee , eee , lu- , kaj se že temu reče , luknja slavnih , ne , v redu .",Gos158.s108,Cm-mode-02049,"dajmo , luknja slavnih .",3,8,moramo,VERB,dajmo,VERB,False,True,False,False,False,True,luknja|slaven,A truncation marker; A/B lexical overlap,Gos158.s107::8,,,
Gos158,MEDIUM,50,Gos158.s119,Af-gost-09027,kaj pa to ?,Gos158.s120,Cm-mode-02049,tvoj obražček bo šel tule skozi .,6,1,kaj,PRON,šel,VERB,True,False,True,False,False,False,,A orphan near end; A connector-like ending,Gos158.s119::1,,,
Gos178,MEDIUM,50,Gos178.s189,Am-udel-02231,"mislim , razmišljam o tem , da bi pravzaprav treba imeti nekoga , mislim , a je t- , kdo od teh študentov tak , verjetno so kakšni zgovorni , pa to .",Gos178.s190,Cf-udel-02233,"ja , ne vem .",3,3,razmišljam,VERB,vem,VERB,False,True,True,False,False,False,,A truncation marker; A connector-like ending,Gos178.s189::3,,,
Gos190,MEDIUM,50,Gos190.s89,Af-stra-02276,"pa ne , malo raste listje tako .",Gos190.s90,Bf-prod-02277,"ja , saj potem bo , če bo listje raslo .",8,2,ne,PART,bo,VERB,True,False,False,False,False,True,listje|rasti,A orphan near end; A/B lexical overlap,Gos190.s89::2,,,
Gos226,MEDIUM,50,Gos226.s94,Bf-star-02241,"se z- , saj zdaj že kartico dobiš , nimaš več onih vozniških , klasika , ko imamo mi .",Gos226.s95,Cf-otro-02242,"ne bi , ne .",3,8,dobiš,VERB,bi,VERB,False,True,True,False,False,False,,A truncation marker; A connector-like ending,Gos226.s94::8,,,
Gos229,MEDIUM,50,Gos229.s365,Lf-otro-06567,"a veš , prav grozno je bilo , ker v Ljubljani se to ne zgodi , ker je folk navajen , a veš , tule pa tako .",Gos229.s366,Ef-ssta-06566,"ja , v Ljubljani si ga že videl .",7,5,grozno,ADJ,videl,VERB,True,False,False,False,False,True,ljubljana,A orphan near end; A/B lexical overlap,Gos229.s365::5,,,
Gos244,MEDIUM,50,Gos244.s407,Mm-prij-09518,iz česa pa ?,Gos244.s408,Sm-prij-09517,saj to je čez dve ure .,6,2,česa,PRON,je,VERB,True,False,True,False,False,False,,A orphan near end; A connector-like ending,Gos244.s407::2,,,
Gos251,MEDIUM,50,Gos251.s304,Mm-prij-07531,"ja , kaj pa ostalo ?",Gos251.s305,Om-prij-07528,ostalo pa je šlo v firme pa v,8,3,kaj,PRON,šlo,VERB,True,False,False,False,False,True,ostal,A orphan near end; A/B lexical overlap,Gos251.s304::3,,,
Gos254,MEDIUM,50,Gos254.s609,Mm-prij-06007,"ja , te s- , potem ti je brez problema p- , za podpisati , ka ne boš imel v bližnji prihodnosti otrok , ne .",Gos254.s610,If-prij-06008,pa si na,3,8,je,VERB,si,VERB,False,True,False,False,False,True,biti,A truncation marker; A/B lexical overlap,Gos254.s609::8,,,
Gos254,MEDIUM,50,Gos254.s615,Dm-prij-06009,"podpišeš , potem pa",Gos254.s616,Mm-prij-06007,"potem pa se zgodi , ne .",5,1,podpišeš,VERB,zgodi,VERB,True,False,True,False,False,False,,A orphan near end; A connector-like ending,Gos254.s615::1,,,
Gos254,MEDIUM,50,Gos254.s647,Dm-prij-06009,"pa lase si tako z blatom skupaj z- , z- , z- , kaj imajo to , kodre ali",Gos254.s648,If-prij-06008,"aja , one drede .",3,3,si,VERB,drede,NOUN,False,True,True,False,False,False,,A truncation marker; A connector-like ending,Gos254.s647::3,,,
Gos277,MEDIUM,50,Gos277.s66,Tm-prij-06583,pa kaj še .,Gos277.s67,Pm-prij-06582,"mene je strah , ker se snema .",6,2,kaj,PRON,strah,NOUN,True,False,True,False,False,False,,A orphan near end; A connector-like ending,Gos277.s66::2,,,
Gos160,MEDIUM,47,Gos160.s163,Um-nast-00021,to pa kar lahko z roko .,Gos160.s164,Bm-nast-00022,in to .,2,1,to,DET,to,DET,True,False,False,False,False,False,,A orphan near end,Gos160.s163::1,,,
Gos013,MEDIUM,47,Gos013.s146,Ff-ucen-05658,kaj pol s tisto vodo na koncu ?,Gos013.s147,Cm-ucen-05655,ne vem .,2,1,kaj,PRON,vem,VERB,True,False,False,False,False,False,,A orphan near end,Gos013.s146::1,,,
Gos159,MEDIUM,47,Gos159.s649,Om-gost-06560,"čakaj , kaj pa takole , kaj pa tako ?",Gos159.s651,Sm-novi-02049,"ojojojo , uh .",2,1,čakaj,VERB,ojojojo,INTJ,True,False,False,False,False,False,,A orphan near end,Gos159.s649::1,,,
Gos256,MEDIUM,47,Gos256.s82,Af-sode-07098,"a pol jih kar bilo , pol se to kar",Gos256.s83,Bf-sode-07099,"da , da .",2,5,bilo,VERB,da,PART,True,False,False,False,False,False,,A orphan near end,Gos256.s82::5,,,
Gos282,MEDIUM,47,Gos282.s254,If-prij-01073,"ja , kaj je rekel , mmm , kao ona , pri onih je bil doma , ne , tisto , ko sta mož pa žena , kako že .",Gos282.s255,Uf-prij-01074,"ja , Herman .",2,5,rekel,VERB,Herman,PROPN,True,False,False,False,False,False,,A orphan near end,Gos282.s254::5,,,
Gos011,MEDIUM,45,Gos011.s217,Mf-prof-09033,"da smo mi že v drugem obdobju , ko si pa on že zgradi prvo bivališče iz vej , slame in tako naprej , se pravi , kaj je bil na- namen uporabe zatočišč .",Gos011.s218,Df-ucen-09037,"ja , da je začasno tam , ne .",6,2,smo,VERB,je,VERB,False,True,False,False,False,True,biti,A truncation marker; A/B lexical overlap,Gos011.s217::2,,,
Gos029,MEDIUM,45,Gos029.s117,Rm-novi-05592,"sla- , slišimo tudi vaše .",Gos029.s118,Um-posl-06514,"jah , jaz mislim , da so , eee , vinjete ena",8,3,slišimo,VERB,mislim,VERB,False,True,True,False,False,False,,A truncation marker; A connector-like ending,Gos029.s117::3,,,
Gos159,MEDIUM,45,Gos159.s581,Sm-novi-02049,"po- , povsod so fe- , fernki .",Gos159.s582,Om-gost-06560,"to je isto klekljanje , to je ist- .",7,4,so,VERB,klekljanje,NOUN,False,True,False,False,False,True,biti,A truncation marker; A/B lexical overlap,Gos159.s581::4,,,
Gos181,MEDIUM,45,Gos181.s411,Cf-udel-02554,"kdo pa je to , d- , to ste vi dobili .",Gos181.s412,Af-udel-02552,"to sem jaz dobila v m- , mapico , ja .",8,3,je,VERB,dobila,VERB,False,True,False,False,False,True,dobiti,A truncation marker; A/B lexical overlap,Gos181.s411::3,,,
Gos219,MEDIUM,45,Gos219.s76,Cm-star-02106,"veš , koliko so ga , p- , je bil star , koliko , štirideset , ja .",Gos219.s77,Bm-otro-02105,"je ene štir- , ene š- , štirideset .",6,1,veš,VERB,štirideset,NUM,False,True,False,False,False,True,štirideset,A truncation marker; A/B lexical overlap,Gos219.s76::1,,,
Gos224,MEDIUM,45,Gos224.s132,Af-prij-07190,"mislim , tako , kako ima vseh , d- , vsega dosti .",Gos224.s134,Bf-prij-07191,"tisti so šele varčni , da boste vedeli .",7,6,ima,VERB,varčni,ADJ,False,True,True,False,False,False,,A truncation marker; A connector-like ending,Gos224.s132::6,,,
Gos229,MEDIUM,45,Gos229.s389,Lf-otro-06567,"pa ful , jaz sem to ugotov- , na , tudi na Tajskem sem ugotovila .",Gos229.s390,Ef-ssta-06566,"tudi približno ne moreš ugotoviti , koliko je star .",8,5,sem,AUX,moreš,VERB,False,True,False,False,False,True,ugotoviti,A truncation marker; A/B lexical overlap,Gos229.s389::5,,,
Gos246,MEDIUM,45,Gos246.s369,Mm-star-07523,"ta kmet ima tam doli , ko je taka v- , velika njiva , zraven pod mano je ena velika njiva zorana , eee , ima to njivo , pa , eee , ja , saj .",Gos246.s370,Am-soro-07522,"jaz sem že pozabil , kako tam izgleda .",7,3,ima,VERB,pozabil,VERB,False,True,True,False,False,False,,A truncation marker; A connector-like ending,Gos246.s369::3,,,
Gos250,MEDIUM,45,Gos250.s471,Bf-ssta-07520,"eee , ne , n- , eee , čakaj , s- , s- , saj se bom pa z mamo tudi , veš .",Gos250.s473,Pf-vrst-07519,"ja , ne vem , z njo se boš težko .",8,9,čakaj,VERB,boš,VERB,False,True,False,False,False,True,biti|vedeti,A truncation marker; A/B lexical overlap,Gos250.s471::9,,,
Gos283,MEDIUM,45,Gos283.s252,Mm-prij-06005,"samo najrajši grem nekje župa , glavna j- , glavna , glavna jed , sladica , salata še na vmes pa tako vzamemo .",Gos283.s253,Nm-prij-06006,"župa domača pa , eh , to je najboljše , ne .",8,3,grem,VERB,župa,NOUN,False,True,False,False,False,True,župa,A truncation marker; A/B lexical overlap,Gos283.s252::3,,,
Gos286,MEDIUM,45,Gos286.s371,Am-prij-07102,"pa ne vem , no , kaj je to z- , kaj je to z [name:personal] , sploh njega nisem videl že , tako , kar pol leta .",Gos286.s373,Bm-prij-07103,"ja , veš kaj , on je absolvent , ne .",7,13,je,VERB,absolvent,NOUN,False,True,False,False,False,True,vedeti,A truncation marker; A/B lexical overlap,Gos286.s371::13,,,
Gos074,MEDIUM,43,Gos074.s284,Qm-gost-02550,"no , o tem smo imeli dve oddaji , pa se ne",Gos074.s285,Pm-gost-02549,"tako , kot so",3,6,imeli,VERB,tako,ADV,True,False,False,False,False,False,,A orphan near end,Gos074.s284::6,,,
Gos138,MEDIUM,43,Gos138.s70,Sf-mode-04529,"u , Istanbul , seveda , v bližino boste potovali , ali pač , [name:personal] , žogica na vaši strani .",Gos138.s71,Mm-posl-04531,"eem , Išm , Išim .",3,3,Istanbul,PROPN,Išim,PROPN,True,False,False,False,False,False,,A orphan near end,Gos138.s70::3,,,
Gos217,MEDIUM,43,Gos217.s93,Ef-soro-10003,s traktorjem osemdeset po humperskem mostu .,Gos217.s94,Bf-ssta-10002,je dovolj pol .,3,3,osemdeset,NUM,je,VERB,True,False,False,False,False,False,,A orphan near end,Gos217.s93::3,,,
Gos051,MEDIUM,42,Gos051.s261,Af-prof-07124,"ja , govori o neki ženski , a je ta žens- , ampak kako govori o neki ženski , ne da jo zdaj , ne vem , opisuje , predstavlja , označuje , ampak kako govori o njej , da je z njo nekoč doživel neko prijetno",Gos051.s262,Pn-vsiucenci-10000,doživetje .,1,3,govori,VERB,doživetje,NOUN,False,True,False,False,False,False,,A truncation marker,Gos051.s261::3,,,
Gos073,MEDIUM,42,Gos073.s378,Hm-gost-03510,"on je , on je dobro izpostavil , da , da cena tu n- , eee , nima nobene zveze , da je potrebno , da pride spet ponovno nazaj v roke države .",Gos073.s379,Lm-gost-02115,naj se,2,7,izpostavil,VERB,naj,PART,False,True,False,False,False,False,,A truncation marker,Gos073.s378::7,,,
Gos150,MEDIUM,42,Gos150.s119,Gm-novi-01008,"kakor , ja , eee t- , tako veš , zjutraj ob štirih .",Gos150.s120,Jm-inte-01009,do petindvajsetega .,2,1,kakor,SCONJ,petindvajsetega,ADJ,False,True,False,False,False,False,,A truncation marker,Gos150.s119::1,,,
Artur-N-G5083-P600080,MEDIUM,42,Artur-N-G5083-P600080.s57-s68_reseg.1362,Artur-N-G5083,"bom rekel zdaj že , če ti dam en primer , na primer , na sami glasbeni sceni kot taki , ne , bom rekel , tej alternativni glasbeni sceni v Mariboru , eee , ker smo lokacijsko tako mali , eee , se med samimi različnimi zametki subkultur , zato ker praktično ne moremo , e , govoriti , da neke dotične subkulture v Mariboru vseeno imamo , eee , se tisti , ki bi se mogli v sami osnovi med seboj , e , ne razumeti , ne , ne bom rekel sovražiti , eee , so dejansko med za seboj prijatelji , eee , z- ravno zaradi tega , ker je Pekarna kot taka prostor , e , nekega ventila , nekega drugačnega , kritičnega razmišljanja .",Artur-N-G6083-P608301.s30_reseg.1620,Artur-N-G6083,tako ja .,2,8,dam,VERB,tako,ADV,False,True,False,False,False,False,,A truncation marker,Artur-N-G5083-P600080.s57-s68_reseg.1362::8,,,
Gos163,MEDIUM,42,Gos163.s221,Fm-nast-00514,"dobimo , boste dobil kom- , konja .",Gos163.s222,Gf-nast-00515,juhuhu !,1,4,dobil,VERB,juhuhu,INTJ,False,True,False,False,False,False,,A truncation marker,Gos163.s221::4,,,
Gos005,MEDIUM,42,Gos005.s5,Am-mode-05666,"predavala gos- bo gospa doktor [name:personal] [name:surname] , ki je , kolikor jaz vem , edina v Sloveniji , ki se poklicno bavi s tem vprašanjem pri Umarju , Urad , eee , Republike Slovenije za makroekonomiko , če prav , če sem prav razložil .",Gos005.s6,Bf-pred-05667,makroekonomske analize .,2,1,predavala,VERB,analize,NOUN,False,True,False,False,False,False,,A truncation marker,Gos005.s5::1,,,
Gos010,MEDIUM,42,Gos010.s437,Em-ucen-09046,"saj najde človek , kakor še v knji- , v knjižnico greš pa si jo lahko sposodiš .",Gos010.s438,Pf-prof-09042,tako je .,2,2,najde,VERB,je,VERB,False,True,False,False,False,False,,A truncation marker,Gos010.s437::2,,,
Gos138,MEDIUM,42,Gos138.s40,Mm-posl-04531,Ilir- .,Gos138.s41,Sf-mode-04529,tako je .,2,1,Ilir-,X,je,VERB,False,True,False,False,False,False,,A truncation marker,Gos138.s40::1,,,
Gos145,MEDIUM,42,Gos145.s209,Dm-mode-01017,"aha , pet- , resno ?",Gos145.s210,Mm-posl-01032,natančen podatek .,2,5,resno,ADV,podatek,NOUN,False,True,False,False,False,False,,A truncation marker,Gos145.s209::5,,,
Gos194,MEDIUM,42,Gos194.s571,Bf-udel-02266,"kot petinšestdeset , eee , petnš- , eee , petnajst stopinj .",Gos194.s572,Af-udel-02265,super .,1,1,kot,NOUN,super,ADV,False,True,False,False,False,False,,A truncation marker,Gos194.s571::1,,,
Gos233,MEDIUM,42,Gos233.s413,Tm-otro-03016,"to t- , glej , saj folk je neumen pa kupuje , kar vidi v reklamah .",Gos233.s414,Bm-star-03014,"že , že .",2,9,neumen,ADJ,že,PART,False,True,False,False,False,False,,A truncation marker,Gos233.s413::9,,,
Gos240,MEDIUM,42,Gos240.s104,Pm-prij-09502,"pazim zdaj s- , zdaj pa spomladi pa sem rekel",Gos240.s105,Mm-prij-09501,zdajle .,1,1,pazim,VERB,zdajle,ADV,False,True,False,False,False,False,,A truncation marker,Gos240.s104::1,,,
Gos256,MEDIUM,42,Gos256.s88,Bf-sode-07099,"eee , da , b- , in dodatno nih- nobenemu ni dala dopusta , tako da so one to vse , i [name:personal] je delala celi dan in [name:personal] so delale celi dan .",Gos256.s89,Af-sode-07098,"a , da .",2,12,dala,VERB,a,INTJ,False,True,False,False,False,False,,A truncation marker,Gos256.s88::12,,,
Gos259,MEDIUM,42,Gos259.s26,Dm-prij-06581,"ko se , eee , raz- , razdeli na , na dva , pol pa je sigurno ceneje .",Gos259.s27,Im-prij-06580,"ja , tako .",2,16,je,VERB,tako,ADV,False,True,False,False,False,False,,A truncation marker,Gos259.s26::16,,,
Gos262,MEDIUM,42,Gos262.s157,Bf-prij-00508,"jah , je kar , no , meni se zdi , da- , da je kar .",Gos262.s158,Af-prij-00507,mislim .,1,3,je,VERB,mislim,VERB,False,True,False,False,False,False,,A truncation marker,Gos262.s157::3,,,
Gos280,MEDIUM,42,Gos280.s40,Mf-soro-09513,"ne , ne , b- , zdajle je , pravijo , je glih najboljše .",Gos280.s41,Af-soro-09512,a tako .,2,3,ne,PART,tako,ADV,False,True,False,False,False,False,,A truncation marker,Gos280.s40::3,,,
Gos072,LOW,38,Gos072.s224,Gm-gost-05581,"realne plače in pok- , realne plače in pokojnine v zadnjih letih niso padale .",Gos072.s225,Km-gost-02172,dva milijona nas je .,4,14,padale,VERB,je,VERB,False,True,False,False,False,False,,A truncation marker,Gos072.s224::14,,,
Gos198,LOW,38,Gos198.s224,Af-stra-05596,"mhm , to pa zapestnica , ful lu- , luštna .",Gos198.s225,Bm-prod-05597,"mhm , z jantarjem , ja .",4,5,zapestnica,NOUN,jantarjem,NOUN,False,True,False,False,False,False,,A truncation marker,Gos198.s224::5,,,
Gos160,LOW,38,Gos160.s162,Bm-nast-00022,"aha , in to zelenjavo čez .",Gos160.s163,Um-nast-00021,to pa kar lahko z roko .,6,5,zelenjavo,NOUN,to,DET,True,False,False,False,False,False,,A orphan near end,Gos160.s162::5,,,
Gos014,LOW,38,Gos014.s640,Dm-ucen-07183,"m- , m- , ja .",Gos014.s641,Hm-ucen-07187,to se še ponovi .,4,5,ja,PART,ponovi,VERB,False,True,False,False,False,False,,A truncation marker,Gos014.s640::5,,,
Gos056,LOW,38,Gos056.s455,Bm-prof-02332,da ne bo časa zl- manjkal slučajno .,Gos056.s456,Af-ucen-02331,v redu je .,3,6,manjkal,VERB,je,VERB,False,True,False,False,False,False,,A truncation marker,Gos056.s455::6,,,
Gos138,LOW,38,Gos138.s93,Sf-mode-04529,"ja , je , Ila se na- , eee , nahaja v mestu Nigerija , v mestu Nigerija v za- , zahodnem delu , aha , ja , ja , gre za mesto , tako da kar naprej , izvolite , [name:personal] .",Gos138.s94,Dm-posl-04530,"Iasi , Iasi Romunija .",3,3,je,VERB,Iasi,PROPN,False,True,False,False,False,False,,A truncation marker,Gos138.s93::3,,,
Gos159,LOW,38,Gos159.s599,Om-gost-06560,"ja , p- , pa veš , da imaš prav .",Gos159.s600,Gm-novi-02048,"eee , v bistvu",3,6,veš,VERB,bistvu,NOUN,False,True,False,False,False,False,,A truncation marker,Gos159.s599::6,,,
Gos159,LOW,38,Gos159.s621,Om-gost-06560,"ej , fanta , mislim , ne me zdaj",Gos159.s622,Gm-novi-02048,"glej , tega od tebe nisem pričakoval , samo to .",8,7,ne,PART,pričakoval,VERB,True,False,False,False,False,False,,A orphan near end,Gos159.s621::7,,,
Gos173,LOW,38,Gos173.s61,Bm-stra-05582,"si predstavljaš to smešno cigansko foro , ona je tam spala , jaz pa tlele .",Gos173.s62,Am-prod-05581,"ja , ja , da bi kdo rekel",6,2,predstavljaš,VERB,rekel,VERB,True,False,False,False,False,False,,A orphan near end,Gos173.s61::2,,,
Gos178,LOW,38,Gos178.s174,Am-udel-02231,"a ne , ne , ne , to , da , da ti prideš tja pa zac- , kompliciraš , tako , ja .",Gos178.s175,Bf-udel-02232,"ja , saj lahko kompliciraš .",4,8,to,DET,kompliciraš,VERB,False,True,False,False,False,False,,A truncation marker,Gos178.s174::8,,,
Gos182,LOW,38,Gos182.s183,Bf-prod-02264,"a res , so mlajši , takrat , ko smo bili mi d- stari dvanajst , ko smo jih poslušali .",Gos182.s184,Af-stra-02238,ne moreš verjeti .,3,2,res,ADV,moreš,VERB,False,True,False,False,False,False,,A truncation marker,Gos182.s183::2,,,
Gos200,LOW,38,Gos200.s104,Af-info-05596,"prva naša naloga je , da se to predstavi višj- , eee , višjemu delu populacije v Sloveniji , ker je pač na , na- , eee , v naši državi je to bolj novo .",Gos200.s105,Bm-klic-02237,"aha , razumem , ja .",3,3,naloga,NOUN,razumem,VERB,False,True,False,False,False,False,,A truncation marker,Gos200.s104::3,,,
Gos220,LOW,38,Gos220.s98,Cf-otro-05613,"ne , zdaj bo res , bo en teden približno , sigurno .",Gos220.s99,Bm-star-05612,"tako za , za jo fasati , enkratno .",6,4,bo,VERB,enkratno,ADJ,True,False,False,False,False,False,,A orphan near end,Gos220.s98::4,,,
Gos224,LOW,38,Gos224.s127,Af-prij-07190,"ne , eee , ne , eee [name:personal] nazaj v Ljubljano .",Gos224.s128,Bf-prij-07191,"aja , morje , ja , ja , stvar .",5,8,[name:personal],PROPN,morje,NOUN,True,False,False,False,False,False,,A orphan near end,Gos224.s127::8,,,
Gos241,LOW,38,Gos241.s159,Bm-prij-09523,"to glih toliko napolni takrat energije , porabi pa to s- , ker stalno niha , ne , poraba pa to , ne .",Gos241.s160,Vm-prij-09524,pol je pa samo,4,4,napolni,VERB,je,VERB,False,True,False,False,False,False,,A truncation marker,Gos241.s159::4,,,
Gos246,LOW,38,Gos246.s352,Am-soro-07522,in da še vedno,Gos246.s353,Mm-star-07523,"p- , pozna še to , ja .",5,4,vedno,ADV,pozna,VERB,True,False,False,False,False,False,,A orphan near end,Gos246.s352::4,,,
Gos246,LOW,38,Gos246.s358,Am-soro-07522,"tist- , ko jaz nisem pol , sem mislil , da s- , če je z zavoda , da , da tisto ne dela nič , eee , bolj takih m- , projektov manjših , ne .",Gos246.s359,Mm-star-07523,"krasno , ja , ja , mhm .",4,5,nisem,VERB,krasno,ADV,False,True,False,False,False,False,,A truncation marker,Gos246.s358::5,,,
Gos246,LOW,38,Gos246.s381,Am-soro-07522,"saj ne bi rabil , mislim , za sebe kosi , z- , da ne rabi z- , ja , seveda .",Gos246.s382,Mm-star-07523,"zdaj pa , eee .",3,4,rabil,VERB,zdaj,ADV,False,True,False,False,False,False,,A truncation marker,Gos246.s381::4,,,
Gos254,LOW,38,Gos254.s645,Dm-prij-06009,"pa tisto si z blaton , eee , tistim per- , puščavskim peskom delajo farbo , si fajn gor namažejo .",Gos254.s646,If-prij-06008,"aja , to je to .",4,14,delajo,VERB,to,DET,False,True,False,False,False,False,,A truncation marker,Gos254.s645::14,,,
Gos254,LOW,38,Gos254.s651,Dm-prij-06009,"čonto , ja , zmes .",Gos254.s652,If-prij-06008,"tam idemo , kdaj idemo taj v Afriko .",7,1,čonto,NOUN,idemo,VERB,True,False,False,False,False,False,,A orphan near end,Gos254.s651::1,,,
Gos257,LOW,38,Gos257.s126,Af-prij-07149,"in skozi ob progi imaš ti table , recimo sedem , sedem , pa kjer koli zaviješ , imaš potlej napisano recimo puščico , pa rečeš r- , sedemka pa devetka tule zavijejo , ona tam zavije , pa da ti že preden greš dol , recimo , približno si lahko pogledaš , za tiste koliko , ali pa tako , sploh če hočeš nekam potovati , ne .",Gos257.s127,Cf-prij-07151,"eee , smerokaze , ja .",3,5,imaš,VERB,smerokaze,NOUN,False,True,False,False,False,False,,A truncation marker,Gos257.s126::5,,,
Gos258,LOW,38,Gos258.s69,Bm-prij-07168,"preve- , preveč izkušenega .",Gos258.s70,Am-prij-07167,"ej , res , ej .",3,4,izkušenega,ADJ,res,ADV,False,True,False,False,False,False,,A truncation marker,Gos258.s69::4,,,
Gos263,LOW,38,Gos263.s266,Af-star-01083,"a ti si pa , kdo je pa pol p- , pripeljal jo domov ?",Gos263.s267,Mm-otro-01079,[name:personal] pa [name:personal] .,3,3,si,VERB,[name:personal],PROPN,False,True,False,False,False,False,,A truncation marker,Gos263.s266::3,,,
Gos278,LOW,38,Gos278.s273,Df-prij-09526,"samo če pa po ulici tečeš , ne , to je pa že tako malo bolj zaba- , zabavno .",Gos278.s274,Bf-prij-09525,"ja , itak , ja .",3,19,zabavno,ADJ,itak,PART,False,True,False,False,False,False,,A truncation marker,Gos278.s273::19,,,
Gos280,LOW,38,Gos280.s90,Af-soro-09512,"[name:personal] je tam zraven bil malo pa majčkeno tako pri voz , da je uštimal .",Gos280.s91,Mf-soro-09513,"ja , ja , ja , ja , ja , ja .",6,5,bil,VERB,ja,PART,True,False,False,False,False,False,,A orphan near end,Gos280.s90::5,,,
Gos283,LOW,38,Gos283.s257,Nm-prij-06006,"ja , pa ti imaš še posebej , ti ž- , živiš tam poleg , eee , greš samo dol pod blok pa , s copati greš na , en kebap mi daj s čebulo pa papriko .",Gos283.s258,Mm-prij-06005,"dokurči , dokurči ti , veš .",4,5,imaš,VERB,dokurči,VERB,False,True,False,False,False,False,,A truncation marker,Gos283.s257::5,,,
Gos286,LOW,38,Gos286.s379,Am-prij-07102,"ja , vem , ja , mislim , ja , z- , zdaj , če sta še , od zdaj naprej , ko sta pač začela spet hoditi .",Gos286.s380,Bm-prij-07103,"ja , še ja .",3,3,vem,VERB,še,PART,False,True,False,False,False,False,,A truncation marker,Gos286.s379::3,,,
Artur-J-Gvecg-P500021,LOW,38,Artur-J-Gvecg-P500026.s325_reseg.207,Artur-J-G3057,gospa Vidmar …,Artur-J-Gvecg-P500026.s326_reseg.208,Artur-J-G3055,Če se smem …,3,1,gospa,NOUN,smem,VERB,False,True,False,False,False,False,,A truncation marker,Artur-J-Gvecg-P500026.s325_reseg.207::1,,,
Artur-J-Gvecg-P580023,LOW,38,Artur-J-Gvecg-P580023.s104_reseg.671,Artur-J-G4554,"delo korepetitorja je , da ti si zadolžen za en glas , jaz recimo za base .",Artur-J-Gvecg-P580023.s116_reseg.676,Artur-J-G4544,kar nekaj in to visokih .,5,1,delo,NOUN,nekaj,DET,True,False,False,False,False,False,,A orphan near end,Artur-J-Gvecg-P580023.s104_reseg.671::1,,,
Artur-J-Gvecg-P580041,LOW,38,Artur-J-Gvecg-P580041.s29_reseg.701,Artur-J-G4531,"to pa , da niste s svojimi doma …",Artur-J-Gvecg-P580041.s30_reseg.702,Artur-J-G4521,"Ja , se navadiš .",3,1,to,DET,navadiš,VERB,False,True,False,False,False,False,,A truncation marker,Artur-J-Gvecg-P580041.s29_reseg.701::1,,,
Artur-N-G6031-P603102,LOW,38,Artur-N-G6031-P603102.s102-s108_reseg.1502,Artur-N-G6031,"slabe plati tega hobija so to , da velikokrat misliš , da to , kar s- napraviš , oziroma to , kar storiš , oziroma ti- to , kar si ustvaril , ni v redu , primerjaš se z drugimi in vsi so boljši oziroma veliko ljudi je boljših , ampak ne gre se sploh za to , kdo je boljši , gre se za to , kaj čutiš .",Artur-N-G6043-P604301.s4_reseg.1504,Artur-N-G6043,Danes sem spal dobro .,4,2,plati,NOUN,spal,VERB,False,True,False,False,False,False,,A truncation marker,Artur-N-G6031-P603102.s102-s108_reseg.1502::2,,,
Gos261,LOW,33,Gos261.s72,Tf-znan-07540,"stiki s naravo pa to , to j- , da , to je pomembno za otroci , ne , in se me , ja , ja .",Gos261.s73,Sf-znan-07534,"so čisto drugačni pol , ne .",5,14,pomembno,ADJ,drugačni,ADJ,False,True,False,False,False,False,,A truncation marker,Gos261.s72::14,,,
Artur-N-G6100-P610002,LOW,33,Artur-N-G6100-P610002.s59-s65_reseg.1676,Artur-N-G6100,"pa vseeno najdemo neko skupno točko za sodelovanje in , e , pravzaprav potem ti ljudje , večina po končanem nekem programu , ki ga v službi imamo , v smislu nenasilne komunikacije , večina ljudi pove , da jim je bilo težko priti , da niso vedeli , kaj naj pričaku- , da pa so pravzaprav sami pogovori in pa delavnice ter praktična izvedba , ki jo delamo , presegli njihova pričakovanja in da so se naučili nekaj , kar jim bo koristilo naprej v življenju tudi več , veliko jih te stvari bile pomembne , da bi se to že tudi vneslo v šolski sistem , če ne v osnovni šoli pa sigurno v srednji šoli bi mogel obstajati predmet Komunikacija in pa seveda tudi učenje o čustvih .",Artur-P-G7002-P700444.s3_reseg.1825,Artur-P-G7002,eee Hvala lepa za besedo .,5,3,najdemo,VERB,Hvala,NOUN,False,True,False,False,False,False,,A truncation marker,Artur-N-G6100-P610002.s59-s65_reseg.1676::3,,,
Gos021,LOW,33,Gos021.s152,Sf-prof-01049,"in zdaj moramo vpisati preskok v kolono naslednj- , v tretjo kolono , kako bomo to napisali , [name:personal] ?",Gos021.s153,Bm-ucen-01052,"ja , iz modre v rdečo .",5,3,moramo,VERB,modre,ADJ,False,True,False,False,False,False,,A truncation marker,Gos021.s152::3,,,
Gos061,LOW,33,Gos061.s420,Af-prof-05568,"s čim pokaže , da se ga z- , da se ga razveseli ?",Gos061.s421,Bm-ucen-05569,da priteče in ga objame .,5,3,pokaže,VERB,priteče,VERB,False,True,False,False,False,False,,A truncation marker,Gos061.s420::3,,,
Gos067,LOW,33,Gos067.s3,Bm-nast-02030,"dobro jutro , bom rekel , sicer je že ma- , še malo zgodaj za zjutraj .",Gos067.s4,Af-novi-02029,[name:personal] živi od prodaje na bolšjaku .,6,5,rekel,VERB,živi,VERB,False,True,False,False,False,False,,A truncation marker,Gos067.s3::5,,,
Gos158,LOW,33,Gos158.s113,Af-gost-09027,j- .,Gos158.s114,Em-mode-02048,"daš , eee , luknjico v glavo .",5,1,j-,X,daš,VERB,False,True,False,False,False,False,,A truncation marker,Gos158.s113::1,,,
Gos224,LOW,33,Gos224.s86,Af-prij-07190,"m m , ne avto- , saj avtomob- , menda je šel do vsakega avta , da ga je požegnal .",Gos224.s87,Bf-prij-07191,"jezus , samo da nekaj zaslužijo .",5,4,ne,PART,zaslužijo,VERB,False,True,False,False,False,False,,A truncation marker,Gos224.s86::4,,,
Gos233,LOW,33,Gos233.s359,Tm-otro-03016,"ta je sa- , ta je samohodka .",Gos233.s360,Bm-star-03014,"je g- , ta je grozna .",5,7,samohodka,NOUN,grozna,ADJ,False,True,False,False,False,False,,A truncation marker,Gos233.s359::7,,,
Gos234,LOW,33,Gos234.s135,Bf-soro-07139,"des- , aja , deskanje na snegu .",Gos234.s136,Am-soro-07138,"eee , to je bilo , štirje deskarji .",6,5,deskanje,NOUN,deskarji,NOUN,False,True,False,False,False,False,,A truncation marker,Gos234.s135::5,,,
Gos246,LOW,33,Gos246.s353,Mm-star-07523,"p- , pozna še to , ja .",Gos246.s354,Am-soro-07522,"tako da mogoče je to celo zanimivo , ne .",8,3,pozna,VERB,zanimivo,ADJ,False,True,False,False,False,False,,A truncation marker,Gos246.s353::3,,,
Gos246,LOW,33,Gos246.s371,Mm-star-07523,"eee , ta k- , je rekel ta kmet , ne , da mu naj rečem , tako da bom , eee , potem zdaj probal se zmeniti enkrat naslednji teden , štirinajst dni .",Gos246.s372,Am-soro-07522,"mhm , no , ker takih je dosti , ful , ne .",8,7,rekel,VERB,je,VERB,False,True,False,False,False,False,,A truncation marker,Gos246.s371::7,,,
Gos252,LOW,33,Gos252.s364,Am-vrst-07523,"vi , p- , noben jim noče v obraz spustiti .",Gos252.s365,Af-vrst-07522,"nič jih ne briga , kaj rečeš .",6,7,noče,VERB,briga,VERB,False,True,False,False,False,False,,A truncation marker,Gos252.s364::7,,,
Gos253,LOW,33,Gos253.s99,Bm-prij-02281,"ne , kako rečejo , je jabol- , pa saj je jabolčnik .",Gos253.s100,Am-prij-02280,"ja , pri nas pravimo mošt .",5,4,rečejo,VERB,pravimo,VERB,False,True,False,False,False,False,,A truncation marker,Gos253.s99::4,,,
Gos254,LOW,33,Gos254.s603,Mm-prij-06007,a že zmišlajo o koncu kariere ?,Gos254.s604,If-prij-06008,"a no , to še ena stvar .",6,3,zmišlajo,X,stvar,NOUN,False,True,False,False,False,False,,A truncation marker,Gos254.s603::3,,,
Gos262,LOW,33,Gos262.s160,Af-prij-00507,"eee , fajn , jaz , meni je tako ful v redu , no , grem k- , v , k- , v kakšen ta , mislim , tako .",Gos262.s161,Bf-prij-00508,"ne , meni je tudi zakon .",5,3,fajn,ADJ,zakon,NOUN,False,True,False,False,False,False,,A truncation marker,Gos262.s160::3,,,
Gos280,LOW,33,Gos280.s92,Af-soro-09512,"eee , [name:personal] mu je , eee , kje , tako so , da ni se dol držal čisto , pa je , sta tri trame tako dala , pol na tistem s- , je pa pol tako , da se je pokonci držal , da je tisto žagal .",Gos280.s93,Mf-soro-09513,ja ja ja ja ja .,5,5,je,VERB,ja,PART,False,True,False,False,False,False,,A truncation marker,Gos280.s92::5,,,
Artur-J-Gvecg-P500064,LOW,33,Artur-J-Gvecg-P500064.s472-s481_reseg.514,Artur-J-G3137,"gre tukaj za živo stvar , e , dejansko , kakor je bilo prej omenjeno že , e , na pristopi , načini zdravljenja , zdravila , e , se , e , se spreminja , nekatera se izboljšujejo tudi , hkrati se pa pojavlja tudi , e , nove bolezni , m , neke redke bolezni , e , tako to more biti živa stvar , in dejansko je , in se tukaj na podlagi predlogov tudi , e , spremi- , spremeni oziroma prilagodi , e …",Artur-J-Gvecg-P580002.s5_reseg.516,Artur-J-G4529,"magistrica Alenka Rumbak , lepo pozdravljeni .",5,1,gre,VERB,pozdravljeni,ADJ,False,True,False,False,False,False,,A truncation marker,Artur-J-Gvecg-P500064.s472-s481_reseg.514::1,,,
Artur-J-Gvecg-P580009,LOW,33,Artur-J-Gvecg-P580009.s55_reseg.612,Artur-J-G4538,"prav prve se dejansko ne spomnim , seveda jaz imam vse to z- zbrano in spravljeno , in če bi pogledal , bi seveda rekel , zdaj , eee , rekel , da se spomnim , ne , ampak se ne .",Artur-J-Gvecg-P580009.s5-s6_reseg.584,Artur-J-G4539,"brane Piano , dobrodošel na Štajerskem valu .",6,6,spomnim,VERB,dobrodošel,ADJ,False,True,False,False,False,False,,A truncation marker,Artur-J-Gvecg-P580009.s55_reseg.612::6,,,
Gos159,LOW,32,Gos159.s622,Gm-novi-02048,"glej , tega od tebe nisem pričakoval , samo to .",Gos159.s623,Sm-novi-02049,"glej , a veš",3,7,pričakoval,VERB,veš,VERB,False,False,True,False,False,True,gledati,A connector-like ending; A/B lexical overlap,Gos159.s622::7,,,
Gos181,LOW,32,Gos181.s433,Af-udel-02552,"jaz mislim , da to ni za zdajle , mislim , da .",Gos181.s434,Cf-udel-02554,"ne , ne , ni .",3,2,mislim,VERB,ni,VERB,False,False,True,False,False,True,biti,A connector-like ending; A/B lexical overlap,Gos181.s433::2,,,
Gos181,LOW,32,Gos181.s447,Af-udel-02552,"ker osmi šesti , tukaj piše , aktiv dobi skupni rezultat vseh .",Gos181.s448,Cf-udel-02554,"to ta aktiv , veš .",4,6,piše,VERB,aktiv,NOUN,False,False,True,False,False,True,aktiv,A connector-like ending; A/B lexical overlap,Gos181.s447::6,,,
Gos233,LOW,32,Gos233.s357,Tm-otro-03016,"kosilnico , zdaj , ali bomo imeli to od [name:personal] ali",Gos233.s358,Bm-star-03014,"ja , ta [name:personal] .",3,1,kosilnico,NOUN,[name:personal],PROPN,False,False,True,False,False,True,[name:personal],A connector-like ending; A/B lexical overlap,Gos233.s357::1,,,
Gos280,LOW,32,Gos280.s20,Mf-soro-09513,"a veš , in sem pozabila , enostavno , tisti",Gos280.s21,Af-soro-09512,"ja , saj veš , da .",4,6,pozabila,VERB,veš,VERB,False,False,True,False,False,True,vedeti,A connector-like ending; A/B lexical overlap,Gos280.s20::6,,,
Gos217,LOW,27,Gos217.s94,Bf-ssta-10002,je dovolj pol .,Gos217.s95,Jf-star-10005,"dosti je več , tako ni ne videti .",7,1,je,VERB,je,VERB,False,False,True,False,False,True,biti,A connector-like ending; A/B lexical overlap,Gos217.s94::1,,,
Gos217,LOW,27,Gos217.s99,Jf-star-10005,notri je še solata tudi .,Gos217.s100,Ef-soro-10003,"jaz ne morem jesti , jaz sem .",6,2,je,VERB,morem,VERB,False,False,True,False,False,True,biti,A connector-like ending; A/B lexical overlap,Gos217.s99::2,,,
Gos220,LOW,27,Gos220.s76,Cf-otro-05613,"ma ga boš rabila za na , na morje , ne , boš vzela verjetno kaj s sabo .",Gos220.s77,Df-otro-05614,ma ta kratkega bom vzela za na morje .,8,4,rabila,VERB,vzela,VERB,False,False,True,False,False,True,morje|vzeti,A connector-like ending; A/B lexical overlap,Gos220.s76::4,,,
Gos225,LOW,27,Gos225.s347,Cm-prij-02347,"pa daj kolo , ne , tukaj pusti , aja , saj .",Gos225.s348,Bm-prij-02346,"daj , naj požri , boli te kurac .",6,8,pusti,VERB,požri,VERB,False,False,True,False,False,True,dati,A connector-like ending; A/B lexical overlap,Gos225.s347::8,,,
Gos257,LOW,27,Gos257.s134,Af-prij-07149,"tule , eee , tole , če bi jo odprl , ne , eee , to , to .",Gos257.s135,Bm-prij-07150,"ja , točno to sem odprl , ja .",6,5,tole,DET,odprl,VERB,False,False,True,False,False,True,odpreti,A connector-like ending; A/B lexical overlap,Gos257.s134::5,,,
Gos268,LOW,27,Gos268.s252,Tf-prij-06001,"ja , cocacola jih ima pa",Gos268.s253,Vf-prij-06002,"ja , ona jih tudi nima veliko .",6,5,ima,VERB,nima,VERB,False,False,True,False,False,True,imeti,A connector-like ending; A/B lexical overlap,Gos268.s252::5,,,
Gos277,LOW,27,Gos277.s58,Pm-prij-06582,kako je bila pa tebi ?,Gos277.s59,Tm-prij-06583,"ja , pač res je , ful ji hitro pride .",8,3,bila,VERB,je,VERB,False,False,True,False,False,True,biti,A connector-like ending; A/B lexical overlap,Gos277.s58::3,,,
Gos018,LOW,24,Gos018.s314,Lm-ucen-01096,"ja , pa cerkvica je tam še .",Gos018.s315,Mf-prof-01097,[name:personal] .,1,5,je,VERB,[name:personal],PROPN,False,False,True,False,False,False,,A connector-like ending,Gos018.s314::5,,,
Gos155,LOW,24,Gos155.s83,Pm-mode-10504,katero ?,Gos155.s84,Bm-posl-10506,Rdeča vrtnica .,2,1,katero,DET,vrtnica,NOUN,False,False,True,False,False,False,,A connector-like ending,Gos155.s83::1,,,
Gos155,LOW,24,Gos155.s104,Pm-mode-10504,kako je zdaj z vami ?,Gos155.s105,Ff-posl-10507,v redu .,2,1,kako,ADV,redu,NOUN,False,False,True,False,False,False,,A connector-like ending,Gos155.s104::1,,,
Gos236,LOW,24,Gos236.s371,Cf-star-02561,pa ne reci šparala pol .,Gos236.s372,Df-otro-02562,ne vem .,2,3,reci,VERB,vem,VERB,False,False,True,False,False,False,,A connector-like ending,Gos236.s371::3,,,
Gos013,LOW,24,Gos013.s148,Am-prof-05653,tisto spada pol .,Gos013.s149,Ff-ucen-05658,"prav , eem .",2,2,spada,VERB,prav,PART,False,False,True,False,False,False,,A connector-like ending,Gos013.s148::2,,,
Gos014,LOW,24,Gos014.s620,Af-prof-07180,"to pa ne bo šlo , mi zdaj govorimo o kroženju česa .",Gos014.s621,Cf-ucen-07182,vode .,1,5,šlo,VERB,vode,NOUN,False,False,True,False,False,False,,A connector-like ending,Gos014.s620::5,,,
Gos014,LOW,24,Gos014.s629,Af-prof-07180,skozi kaj ?,Gos014.s630,Cf-ucen-07182,"eee , sko-",2,2,kaj,PRON,sko-,X,False,False,True,False,False,False,,A connector-like ending,Gos014.s629::2,,,
Gos020,LOW,24,Gos020.s407,Mf-prof-01061,"se pravi , rezultat za Žide je bil , v katerem koli taborišču že so se znašli , isti",Gos020.s408,Jm-ucen-01064,slab .,1,19,isti,DET,slab,ADJ,False,False,True,False,False,False,,A connector-like ending,Gos020.s407::19,,,
Gos028,LOW,24,Gos028.s39,Kf-anke-05586,"se smešno obnašajo , no , zadnje čase , mislim , sami so pripeljali do takih odnosov , kakršni so , se mi zdi , nismo mi nič naredili pri temu .",Gos028.s40,Lm-anke-05587,s posredovanjem .,2,3,obnašajo,VERB,posredovanjem,NOUN,False,False,True,False,False,False,,A connector-like ending,Gos028.s39::3,,,
Gos054,LOW,24,Gos054.s153,Am-prof-07076,tole so kaj ?,Gos054.s154,Pn-vsiucenci-10000,Kamniško Savinjske .,2,3,kaj,PRON,Kamniško,ADJ,False,False,True,False,False,False,,A connector-like ending,Gos054.s153::3,,,
Gos056,LOW,24,Gos056.s460,Bm-prof-02332,ti si pa ?,Gos056.s461,Ef-ucen-02335,[name:personal] [name:surname] .,2,2,si,VERB,[name:personal],PROPN,False,False,True,False,False,False,,A connector-like ending,Gos056.s460::2,,,
Gos057,LOW,24,Gos057.s246,Cm-ucen-07141,direkt ali .,Gos057.s247,Am-prof-07143,direkt .,1,1,direkt,ADV,direkt,ADV,False,False,True,False,False,False,,A connector-like ending,Gos057.s246::1,,,
Gos074,LOW,24,Gos074.s292,Pm-gost-02549,"nekako od naše vlade pričakovali , da",Gos074.s293,Am-novi-02535,"dobro , ampak",2,5,pričakovali,VERB,dobro,ADV,False,False,True,False,False,False,,A connector-like ending,Gos074.s292::5,,,
Gos134,LOW,24,Gos134.s80,Bm-novi-06519,"no , razlogov za smeh in dobro voljo je bilo precej , torej , [name:personal] je bil dobitnik nagrade , saj kaj dosti ni mogel povedati , ker je bil tako presenečen , tako da mogoče je še glavna stvar , ki je povedal , tale .",Gos134.s81,Hm-nast-06559,jezus marija .,2,10,bilo,VERB,jezus,PROPN,False,False,True,False,False,False,,A connector-like ending,Gos134.s80::10,,,
Gos137,LOW,24,Gos137.s572,Am-mode-05620,"torej , Paul David Hewson , si ugibal ali veš , kdo je to ?",Gos137.s573,Jm-posl-05627,"ja , tako .",2,3,Paul,PROPN,tako,ADV,False,False,True,False,False,False,,A connector-like ending,Gos137.s572::3,,,
Gos137,LOW,24,Gos137.s583,Am-mode-05620,"[name:personal] , nagrada je tvoja .",Gos137.s584,Jm-posl-05627,hvala .,1,5,tvoja,DET,hvala,NOUN,False,False,True,False,False,False,,A connector-like ending,Gos137.s583::5,,,
Gos152,LOW,24,Gos152.s137,Zf-mode-01014,"stoprocentno , sploh pa , eee , tale [name:personal] bo zna popestriti , kar se da .",Gos152.s138,Tf-mode-01013,"ja , mogoče .",2,11,zna,VERB,mogoče,ADV,False,False,True,False,False,False,,A connector-like ending,Gos152.s137::11,,,
Gos159,LOW,24,Gos159.s593,Om-gost-06560,"ja , ja , ja , saj .",Gos159.s594,Gm-novi-02048,tudi .,1,7,saj,CCONJ,tudi,PART,False,False,True,False,False,False,,A connector-like ending,Gos159.s593::7,,,
Gos159,LOW,24,Gos159.s625,Gm-novi-02048,samo to .,Gos159.s626,Sm-novi-02049,glej .,1,2,to,DET,glej,VERB,False,False,True,False,False,False,,A connector-like ending,Gos159.s625::2,,,
Gos159,LOW,24,Gos159.s634,Gm-novi-02048,"c , s .",Gos159.s635,Om-gost-06560,preklete čke .,2,1,c,NOUN,čke,NOUN,False,False,True,False,False,False,,A connector-like ending,Gos159.s634::1,,,
Gos159,LOW,24,Gos159.s662,Om-gost-06560,"ah , ja , ali pa recimo ona , jaz te imam dosti .",Gos159.s663,Sm-novi-02049,"pazi , talar .",2,8,ona,PRON,talar,NOUN,False,False,True,False,False,False,,A connector-like ending,Gos159.s662::8,,,
Gos181,LOW,24,Gos181.s418,Af-udel-02552,to je isto .,Gos181.s419,Bf-udel-02553,[name:personal] .,1,3,isto,DET,[name:personal],PROPN,False,False,True,False,False,False,,A connector-like ending,Gos181.s418::3,,,
Gos182,LOW,24,Gos182.s187,Af-stra-02238,"jo , pa , ej , sploh ne vem , a so se pogledal oni , mislim , na teh slikah , ker",Gos182.s188,Bf-prod-02264,najbrž ne .,2,9,vem,VERB,ne,PART,False,False,True,False,False,False,,A connector-like ending,Gos182.s187::9,,,
Gos182,LOW,24,Gos182.s210,Bf-prod-02264,"pol sem pa rekla , joj , jaz se vam opravičujem , jaz sem pa kar na ti .",Gos182.s211,Af-stra-02238,"o , gro- .",2,4,rekla,VERB,o,INTJ,False,False,True,False,False,False,,A connector-like ending,Gos182.s210::4,,,
Gos183,LOW,24,Gos183.s456,Sm-prod-00803,"eee , če so pa patch varianta , ne , so pa",Gos183.s457,Gm-prod-00805,pogovor .,1,11,so,VERB,pogovor,NOUN,False,False,True,False,False,False,,A connector-like ending,Gos183.s456::11,,,
Gos190,LOW,24,Gos190.s105,Bf-prod-02277,te .,Gos190.s106,Cf-stra-02265,ta .,1,1,te,DET,ta,DET,False,False,True,False,False,False,,A connector-like ending,Gos190.s105::1,,,
Gos190,LOW,24,Gos190.s124,Cf-stra-02265,kaj pa bi s temi ?,Gos190.s125,Bf-prod-02277,narcise .,1,3,bi,VERB,narcise,NOUN,False,False,True,False,False,False,,A connector-like ending,Gos190.s124::3,,,
Gos190,LOW,24,Gos190.s147,Af-stra-02276,"evo , to je to .",Gos190.s148,Bf-prod-02277,evo .,1,5,to,DET,evo,INTJ,False,False,True,False,False,False,,A connector-like ending,Gos190.s147::5,,,
Gos191,LOW,24,Gos191.s434,Am-stra-02298,obe .,Gos191.s435,Bf-udel-02299,obe .,1,1,obe,DET,obe,DET,False,False,True,False,False,False,,A connector-like ending,Gos191.s434::1,,,
Gos200,LOW,24,Gos200.s82,Bm-klic-02237,to se pravi tudi,Gos200.s83,Af-info-05596,dejansko zato,2,4,tudi,PART,zato,ADV,False,False,True,False,False,False,,A connector-like ending,Gos200.s82::4,,,
Gos225,LOW,24,Gos225.s350,Fm-prij-02350,kaj imaš to ?,Gos225.s351,Cm-prij-02347,sok .,1,2,imaš,VERB,sok,NOUN,False,False,True,False,False,False,,A connector-like ending,Gos225.s350::2,,,
Gos233,LOW,24,Gos233.s384,Tm-otro-03016,"ker imaš dosti , dosti boljše , ker",Gos233.s385,Bm-star-03014,more biti,2,2,imaš,VERB,more,VERB,False,False,True,False,False,False,,A connector-like ending,Gos233.s384::2,,,
Gos233,LOW,24,Gos233.s388,Tm-otro-03016,"ja , pa",Gos233.s389,Bm-star-03014,more pobirati .,2,3,pa,CCONJ,more,VERB,False,False,True,False,False,False,,A connector-like ending,Gos233.s388::3,,,
Gos233,LOW,24,Gos233.s411,Bm-star-03014,"ja , veš kaj .",Gos233.s412,Tm-otro-03016,to,1,3,veš,VERB,to,DET,False,False,True,False,False,False,,A connector-like ending,Gos233.s411::3,,,
Gos254,LOW,24,Gos254.s627,Dm-prij-06009,steriliziraš se .,Gos254.s629,Mm-prij-06007,posvojiš .,1,1,steriliziraš,VERB,posvojiš,VERB,False,False,True,False,False,False,,A connector-like ending,Gos254.s627::1,,,
Gos254,LOW,24,Gos254.s635,If-prij-06008,kdo ?,Gos254.s636,Mm-prij-06007,"znaš , kako .",2,1,kdo,PRON,znaš,VERB,False,False,True,False,False,False,,A connector-like ending,Gos254.s635::1,,,
Gos256,LOW,24,Gos256.s73,Bf-sode-07099,"oni prvi dan je bilo v bistvu že skoraj vse narejeno , drugi dan so samo še tu pa tam kje kaj .",Gos256.s74,Af-sode-07098,a da .,2,11,narejeno,ADJ,a,INTJ,False,False,True,False,False,False,,A connector-like ending,Gos256.s73::11,,,
Gos256,LOW,24,Gos256.s74,Af-sode-07098,a da .,Gos256.s75,Bf-sode-07099,popravljale .,1,1,a,INTJ,popravljale,VERB,False,False,True,False,False,False,,A connector-like ending,Gos256.s74::1,,,
Gos264,LOW,24,Gos264.s120,Tm-prij-01081,"pa včasih še mogoče [name:personal] dobimo zraven , če",Gos264.s121,Bf-prij-01082,fajn .,1,6,dobimo,VERB,fajn,ADJ,False,False,True,False,False,False,,A connector-like ending,Gos264.s120::6,,,
Gos268,LOW,24,Gos268.s228,Vf-prij-06002,jo .,Gos268.s229,Tf-prij-06001,ziher ne .,2,1,jo,PRON,ne,PART,False,False,True,False,False,False,,A connector-like ending,Gos268.s228::1,,,
Gos268,LOW,24,Gos268.s233,Vf-prij-06002,jo .,Gos268.s235,Tf-prij-06001,"ja , to .",2,1,jo,PRON,to,DET,False,False,True,False,False,False,,A connector-like ending,Gos268.s233::1,,,
Gos270,LOW,24,Gos270.s187,Am-prij-02168,"veš , da .",Gos270.s188,Bm-prij-02169,"pizda , ej .",2,1,veš,VERB,pizda,NOUN,False,False,True,False,False,False,,A connector-like ending,Gos270.s187::1,,,
Gos285,LOW,24,Gos285.s186,Am-prij-07100,"mislim , zraven , pod mano .",Gos285.s187,Bf-prij-07101,pod tabo .,2,3,zraven,ADV,tabo,PRON,False,False,True,False,False,False,,A connector-like ending,Gos285.s186::3,,,
Gos153,LOW,20,Gos153.s30,Af-mode-01010,ne še .,Gos153.s31,Tf-mode-01013,"mh , ja , hm .",3,1,ne,PART,ja,PART,False,False,True,False,False,False,,A connector-like ending,Gos153.s30::1,,,
Gos243,LOW,20,Gos243.s98,Am-prij-09505,"ja , kaj takega .",Gos243.s99,Mm-prij-09507,na par forumov,3,3,kaj,PRON,forumov,NOUN,False,False,True,False,False,False,,A connector-like ending,Gos243.s98::3,,,
Gos179,LOW,20,Gos179.s161,Bm-sode-05588,pa,Gos179.s162,Af-sode-05584,to so lastniki Dnevnik .,4,1,pa,CCONJ,lastniki,NOUN,False,False,True,False,False,False,,A connector-like ending,Gos179.s161::1,,,
Gos027,LOW,20,Gos027.s75,Fm-mode-05592,ker ?,Gos027.s76,Lm-posl-05607,ker sem pameten .,3,1,ker,SCONJ,pameten,ADJ,False,False,True,False,False,False,,A connector-like ending,Gos027.s75::1,,,
Gos033,LOW,20,Gos033.s28,Ef-anke-05595,"eee , ja , nekateri med njimi si izbrali tako življenje , največ jih je pa verjetno prisiljenih v to .",Gos033.s29,Fm-anke-05596,"ni jim luštno , ne .",4,9,izbrali,VERB,ni,VERB,False,False,True,False,False,False,,A connector-like ending,Gos033.s28::9,,,
Gos057,LOW,20,Gos057.s253,Am-prof-07143,kaj pa je to ?,Gos057.s255,Em-ucen-07144,"ja , kretnje na obrazu .",4,1,kaj,PRON,kretnje,NOUN,False,False,True,False,False,False,,A connector-like ending,Gos057.s253::1,,,
Gos136,LOW,20,Gos136.s387,Cm-mode-05621,"mislim , da ne še .",Gos136.s388,Am-mode-05620,"devetinos- , deves- , ne .",3,1,mislim,VERB,ne,PART,False,False,True,False,False,False,,A connector-like ending,Gos136.s387::1,,,
Gos137,LOW,20,Gos137.s574,Jm-posl-05627,"nimam pojma , kdo je to .",Gos137.s575,Am-mode-05620,to je drugače Bono .,4,1,nimam,VERB,Bono,PROPN,False,False,True,False,False,False,,A connector-like ending,Gos137.s574::1,,,
Gos159,LOW,20,Gos159.s592,Sm-novi-02049,"ja , nočemo vedeti , čka od človeka je tudi",Gos159.s593,Om-gost-06560,"ja , ja , ja , saj .",4,3,nočemo,VERB,saj,CCONJ,False,False,True,False,False,False,,A connector-like ending,Gos159.s592::3,,,
Gos181,LOW,20,Gos181.s478,Bf-udel-02553,"ej , hvaležne smo ti , naredi to .",Gos181.s479,Af-udel-02552,ko pridem gor .,3,3,hvaležne,ADJ,pridem,VERB,False,False,True,False,False,False,,A connector-like ending,Gos181.s478::3,,,
Gos219,LOW,20,Gos219.s83,Am-soro-02104,to je brat od tega [name:personal] pa od teh .,Gos219.s84,Bm-otro-02105,"ja , ja , ja , ja .",4,3,brat,NOUN,ja,PART,False,False,True,False,False,False,,A connector-like ending,Gos219.s83::3,,,
Gos223,LOW,20,Gos223.s349,Af-prij-05585,"ma , živijo samo v dveh , one ?",Gos223.s350,Cf-prij-05587,"aa , ni še kakšen .",4,3,živijo,VERB,ni,VERB,False,False,True,False,False,False,,A connector-like ending,Gos223.s349::3,,,
Gos224,LOW,20,Gos224.s88,Af-prij-07190,"ja , no , saj tisti",Gos224.s89,Bf-prij-07191,[name:personal] [name:surname] je bila .,4,6,tisti,DET,bila,VERB,False,False,True,False,False,False,,A connector-like ending,Gos224.s88::6,,,
Gos224,LOW,20,Gos224.s162,Bf-prij-07191,"o , jebemtiš , to bi bilo za mene .",Gos224.s163,Af-prij-07190,pa za [name:personal] .,3,7,bilo,VERB,[name:personal],PROPN,False,False,True,False,False,False,,A connector-like ending,Gos224.s162::7,,,
Gos225,LOW,20,Gos225.s354,Cm-prij-02347,"ne , ne , samo tako je bilo hecno , ko",Gos225.s355,Hf-prij-02352,pa če imam .,3,9,hecno,ADJ,imam,VERB,False,False,True,False,False,False,,A connector-like ending,Gos225.s354::9,,,
Gos254,LOW,20,Gos254.s642,If-prij-06008,"kje , kaj je to ?",Gos254.s643,Dm-prij-06009,imajo tiste notri pa,4,1,kje,ADV,imajo,VERB,False,False,True,False,False,False,,A connector-like ending,Gos254.s642::1,,,
Gos264,LOW,20,Gos264.s73,Tm-prij-01081,"je , eee . imajo izvajalce pa",Gos264.s74,Bf-prij-01082,"ja , ja , itak .",3,5,imajo,VERB,itak,PART,False,False,True,False,False,False,,A connector-like ending,Gos264.s73::5,,,
Gos264,LOW,20,Gos264.s79,Bf-prij-01082,"veš , da .",Gos264.s80,Tm-prij-01081,"ju , na srečanju , ja .",4,1,veš,VERB,srečanju,NOUN,False,False,True,False,False,False,,A connector-like ending,Gos264.s79::1,,,
Gos268,LOW,20,Gos268.s235,Tf-prij-06001,"ja , to .",Gos268.s238,Vf-prij-06002,pa vsak to reče .,4,3,to,DET,reče,VERB,False,False,True,False,False,False,,A connector-like ending,Gos268.s235::3,,,
Gos280,LOW,20,Gos280.s74,Af-soro-09512,"je pa tak debel , saj veš , ko so tisti trami bili od štale pa to , so tisti",Gos280.s75,Mf-soro-09513,"ja ja , ja ja .",4,4,debel,ADJ,ja,PART,False,False,True,False,False,False,,A connector-like ending,Gos280.s74::4,,,
Gos285,LOW,20,Gos285.s187,Bf-prij-07101,pod tabo .,Gos285.s189,Am-prij-07100,"pod mano je , ja .",4,2,tabo,PRON,je,VERB,False,False,True,False,False,False,,A connector-like ending,Gos285.s187::2,,,
Gos018,LOW,15,Gos018.s318,Em-ucen-01089,"ja , pa poleg",Gos018.s320,Mf-prof-01097,"tale hiše je kar nekaj značilno , ker propadajo .",8,4,poleg,ADP,značilno,ADV,False,False,True,False,False,False,,A connector-like ending,Gos018.s318::4,,,
Gos141,LOW,15,Gos141.s339,Kf-posl-02076,"ja , malce .",Gos141.s340,Cf-novi-02068,"tukaj [name:personal] [name:surname] , Radio Center .",5,3,malce,DET,[name:personal],PROPN,False,False,True,False,False,False,,A connector-like ending,Gos141.s339::3,,,
Gos218,LOW,15,Gos218.s578,Ef-soro-10003,"genau , wo ist den das , ach so , da .",Gos218.s579,Bf-ssta-10002,"[name:personal] je tudi , [name:personal] tudi .",5,1,genau,X,je,VERB,False,False,True,False,False,False,,A connector-like ending,Gos218.s578::1,,,
Gos273,LOW,15,Gos273.s87,Bf-prij-02102,tako da,Gos273.s88,Af-prij-02101,"no , povej , kako sta se še kaj imela .",8,1,tako,CCONJ,povej,VERB,False,False,True,False,False,False,,A connector-like ending,Gos273.s87::1,,,
Gos160,LOW,15,Gos160.s164,Bm-nast-00022,in to .,Gos160.s165,Um-nast-00021,gre v hladilnik za čez noč .,6,2,to,DET,gre,VERB,False,False,True,False,False,False,,A connector-like ending,Gos160.s164::2,,,
Gos056,LOW,15,Gos056.s450,Cm-ucen-02333,kaj sta ful grozna ali kaj .,Gos056.s452,Bm-prof-02332,tebe bi pa rad najprej videl tukaj spredaj .,8,4,grozna,ADJ,videl,VERB,False,False,True,False,False,False,,A connector-like ending,Gos056.s450::4,,,
Gos145,LOW,15,Gos145.s211,Dm-mode-01017,"no , pol pa še zemljepisno dolžino in širino povej , če",Gos145.s212,Mm-posl-01032,"o , to pa ne bo šlo .",6,10,povej,VERB,šlo,VERB,False,False,True,False,False,False,,A connector-like ending,Gos145.s211::10,,,
Gos159,LOW,15,Gos159.s640,Gm-novi-02048,"nič , nič .",Gos159.s641,Sm-novi-02049,"joj , ne , ne , ne , ne , ne , ne .",7,1,nič,PRON,joj,INTJ,False,False,True,False,False,False,,A connector-like ending,Gos159.s640::1,,,
Gos166,LOW,15,Gos166.s145,Af-novi-02159,kako je bilo to ?,Gos166.s146,Cm-gost-02163,"uh , to je bilo grozljivo .",5,3,bilo,VERB,grozljivo,ADJ,False,False,True,False,False,False,,A connector-like ending,Gos166.s145::3,,,
Gos181,LOW,15,Gos181.s422,Af-udel-02552,"delovni list tri , tako , samo to .",Gos181.s423,Cf-udel-02554,"ne , tisto je bilo treba samo .",6,2,list,NOUN,bilo,VERB,False,False,True,False,False,False,,A connector-like ending,Gos181.s422::2,,,
Gos181,LOW,15,Gos181.s428,Df-udel-02555,kaj so to ?,Gos181.s429,Cf-udel-02554,to še nismo nič navodil dobili za to .,8,1,kaj,PRON,dobili,VERB,False,False,True,False,False,False,,A connector-like ending,Gos181.s428::1,,,
Gos181,LOW,15,Gos181.s453,Cf-udel-02554,"aja , naš .",Gos181.s454,Af-udel-02552,naš aktiv more to narediti .,5,3,naš,DET,more,VERB,False,False,True,False,False,False,,A connector-like ending,Gos181.s453::3,,,
Gos200,LOW,15,Gos200.s116,Bm-klic-02237,"aha , v katerem",Gos200.s117,Af-info-05596,"eee , v tistem roku , če",5,4,katerem,DET,roku,NOUN,False,False,True,False,False,False,,A connector-like ending,Gos200.s116::4,,,
Gos217,LOW,15,Gos217.s97,Jf-star-10005,"čakaj , ene dva rapic še .",Gos217.s98,Bf-ssta-10002,"ja , pa ti jej , pa [name:personal] tudi .",7,5,rapic,NOUN,jej,VERB,False,False,True,False,False,False,,A connector-like ending,Gos217.s97::5,,,
Gos217,LOW,15,Gos217.s98,Bf-ssta-10002,"ja , pa ti jej , pa [name:personal] tudi .",Gos217.s99,Jf-star-10005,notri je še solata tudi .,5,5,jej,VERB,je,VERB,False,False,True,False,False,False,,A connector-like ending,Gos217.s98::5,,,
Gos224,LOW,15,Gos224.s151,Af-prij-07190,"ne , zdaj imajo pa te .",Gos224.s152,Bf-prij-07191,"eee , ja , ta ki , da se zbirajo .",7,4,imajo,VERB,ta,DET,False,False,True,False,False,False,,A connector-like ending,Gos224.s151::4,,,
Gos233,LOW,15,Gos233.s364,Tm-otro-03016,"ne , ta naša samohodka je kriza , ker",Gos233.s366,Bm-star-03014,"vse raztepe pa razm- , ostane na tleh .",7,7,kriza,NOUN,raztepe,VERB,False,False,True,False,False,False,,A connector-like ending,Gos233.s364::7,,,
Gos235,LOW,15,Gos235.s248,Tf-soro-09519,"verjetno bo , sicer so predavatelji v glavnem , eee , sami , izgleda , knjige pišejo , ne , in morajo , ja , ja , ja , in so kar rekli , zastonj nismo knjig pisali , boste kar lepo kupili jih .",Gos235.s249,Mf-soro-09520,"od enainosemdesetega le- , eee , leta , ja , ja .",7,2,bo,VERB,leta,NOUN,False,False,True,False,False,False,,A connector-like ending,Gos235.s248::2,,,
Gos244,LOW,15,Gos244.s412,Mm-prij-09518,"ja , saj .",Gos244.s413,Sm-prij-09517,"vsaj ta , eee , to razumem , ja .",6,3,saj,CCONJ,razumem,VERB,False,False,True,False,False,False,,A connector-like ending,Gos244.s412::3,,,
Gos244,LOW,15,Gos244.s414,Mm-prij-09518,"srbščine in hrvaščine , pa še , pa cirilica pa to .",Gos244.s415,Sm-prij-09517,"to ne bo problem , ne .",5,1,srbščine,NOUN,problem,NOUN,False,False,True,False,False,False,,A connector-like ending,Gos244.s414::1,,,
Gos251,LOW,15,Gos251.s301,Mm-prij-07531,kaj ?,Gos251.s302,Om-prij-07528,tri tavžent kart je samo ven šlo .,7,1,kaj,PRON,šlo,VERB,False,False,True,False,False,False,,A connector-like ending,Gos251.s301::1,,,
Gos254,LOW,15,Gos254.s601,Mm-prij-06007,kar nekaj .,Gos254.s602,If-prij-06008,ka so stopnjo više kakor ti .,6,2,nekaj,DET,so,VERB,False,False,True,False,False,False,,A connector-like ending,Gos254.s601::2,,,
Gos254,LOW,15,Gos254.s618,If-prij-06008,jo jo .,Gos254.s619,Dm-prij-06009,"ti samo šef prinese , pa več ni .",7,1,jo,PRON,prinese,VERB,False,False,True,False,False,False,,A connector-like ending,Gos254.s618::1,,,
Gos257,LOW,15,Gos257.s152,Cf-prij-07151,"[name:surname] , kateri je to ?",Gos257.s153,Af-prij-07149,"drugače , drugače so pa v glavnem",6,1,[name:surname],PROPN,so,VERB,False,False,True,False,False,False,,A connector-like ending,Gos257.s152::1,,,
Gos264,LOW,15,Gos264.s114,Bf-prij-01082,kateri je že to ?,Gos264.s115,Tm-prij-01081,"[name:personal] en , eee , ja , mhm .",5,1,kateri,DET,[name:personal],PROPN,False,False,True,False,False,False,,A connector-like ending,Gos264.s114::1,,,
Gos270,LOW,15,Gos270.s184,Bm-prij-02169,kaj ga še kar geekaš ali kaj ?,Gos270.s185,Am-prij-02168,"ja , glej , kaj pa naj delam .",6,5,geekaš,VERB,delam,VERB,False,False,True,False,False,False,,A connector-like ending,Gos270.s184::5,,,
